Site;Année;Mois;Semaine;Machine;Gaz (kWh);PE (kg)
PTWE35;2023.0;1.0;1;F4B;0.0;2027.338
PTWE35;2023.0;1.0;1;M1;0.0;6067.32
PTWE35;2023.0;1.0;1;M2;0.0;4435.2
PTWE35;2023.0;1.0;1;M3;0.0;3978.48
PTWE35;2023.0;1.0;1;M8;0.0;8140.792
PTWE35;2023.0;1.0;1;RM2400;0.0;1485.2
PTWE35;2023.0;1.0;1;RM4500;0.0;3062.4
PTWE35;2023.0;1.0;2;F4B;0.0;3697.11
PTWE35;2023.0;1.0;2;M1;0.0;11801.503999999999
PTWE35;2023.0;1.0;2;M2;0.0;12291.84
PTWE35;2023.0;1.0;2;M3;0.0;12176.56
PTWE35;2023.0;1.0;2;M8;0.0;12783.408
PTWE35;2023.0;1.0;2;RM2400;0.0;4887.0
PTWE35;2023.0;1.0;2;RM4500;0.0;4195.84
PTWE35;2023.0;1.0;3;F4B;0.0;3498.1
PTWE35;2023.0;1.0;3;FB;0.0;365.0
PTWE35;2023.0;1.0;3;M1;0.0;10257.696
PTWE35;2023.0;1.0;3;M2;0.0;12672.0
PTWE35;2023.0;1.0;3;M3;0.0;12176.56
PTWE35;2023.0;1.0;3;M8;0.0;20619.192
PTWE35;2023.0;1.0;3;RM2400;0.0;4140.0
PTWE35;2023.0;1.0;3;RM4500;0.0;6487.36
PTWE35;2023.0;1.0;4;F4B;0.0;2693.1
PTWE35;2023.0;1.0;4;FB;0.0;1174.0
PTWE35;2023.0;1.0;4;M1;0.0;9776.960000000001
PTWE35;2023.0;1.0;4;M2;0.0;10755.36
PTWE35;2023.0;1.0;4;M3;0.0;9280.32
PTWE35;2023.0;1.0;4;M8;0.0;12709.84
PTWE35;2023.0;1.0;4;RM2400;0.0;4252.5
PTWE35;2023.0;1.0;4;RM4500;0.0;9458.24
PTWE35;2023.0;1.0;5;F3B;0.0;67.15
PTWE35;2023.0;1.0;5;F4B;0.0;482.5
PTWE35;2023.0;1.0;5;FB;0.0;177.0
PTWE35;2023.0;1.0;5;M1;0.0;2247.52
PTWE35;2023.0;1.0;5;M2;0.0;2407.68
PTWE35;2023.0;1.0;5;M3;0.0;2170.08
PTWE35;2023.0;1.0;5;M8;0.0;3181.2
PTWE35;2023.0;1.0;5;RM2400;0.0;682.5
PTWE35;2023.0;1.0;5;RM4500;0.0;2112.0
PTWE35;2023.0;2.0;5;F3B;0.0;432.15
PTWE35;2023.0;2.0;5;F4B;0.0;1971.0
PTWE35;2023.0;2.0;5;FB;0.0;255.0
PTWE35;2023.0;2.0;5;M1;0.0;6904.48
PTWE35;2023.0;2.0;5;M2;0.0;7349.76
PTWE35;2023.0;2.0;5;M3;0.0;6865.2
PTWE35;2023.0;2.0;5;M8;0.0;8102.16
PTWE35;2023.0;2.0;5;RM2400;0.0;2077.5
PTWE35;2023.0;2.0;5;RM4500;0.0;6522.5599999999995
PTWE35;2023.0;2.0;6;F3B;0.0;652.0
PTWE35;2023.0;2.0;6;F4B;0.0;3613.2
PTWE35;2023.0;2.0;6;FB;0.0;1204.0
PTWE35;2023.0;2.0;6;M1;0.0;9881.2
PTWE35;2023.0;2.0;6;M2;0.0;12041.92
PTWE35;2023.0;2.0;6;M3;0.0;12416.56
PTWE35;2023.0;2.0;6;M8;0.0;12087.24
PTWE35;2023.0;2.0;6;RM2400;0.0;4612.5
PTWE35;2023.0;2.0;6;RM4500;0.0;2038.08
PTWE35;2023.0;2.0;7;F3B;0.0;861.25
PTWE35;2023.0;2.0;7;F4B;0.0;2612.0
PTWE35;2023.0;2.0;7;FB;0.0;110.0
PTWE35;2023.0;2.0;7;M1;0.0;12952.72
PTWE35;2023.0;2.0;7;M2;0.0;17991.6
PTWE35;2023.0;2.0;7;M3;0.0;8439.199999999999
PTWE35;2023.0;2.0;7;M8;0.0;14248.344
PTWE35;2023.0;2.0;7;RM2400;0.0;4792.5
PTWE35;2023.0;2.0;7;RM4500;0.0;4329.6
PTWE35;2023.0;2.0;8;F3B;0.0;679.7
PTWE35;2023.0;2.0;8;F4B;0.0;3286.5
PTWE35;2023.0;2.0;8;FB;0.0;476.0
PTWE35;2023.0;2.0;8;M1;0.0;12339.6
PTWE35;2023.0;2.0;8;M2;0.0;12798.72
PTWE35;2023.0;2.0;8;M3;0.0;11573.76
PTWE35;2023.0;2.0;8;M8;0.0;10655.24
PTWE35;2023.0;2.0;8;RM2400;0.0;5327.5
PTWE35;2023.0;2.0;8;RM4500;0.0;6561.28
PTWE35;2023.0;2.0;9;F3B;0.0;286.15
PTWE35;2023.0;2.0;9;F4B;0.0;1430.16
PTWE35;2023.0;2.0;9;M1;0.0;4010.04
PTWE35;2023.0;2.0;9;M2;0.0;3006.08
PTWE35;2023.0;2.0;9;M3;0.0;4426.4
PTWE35;2023.0;2.0;9;M8;0.0;3648.52
PTWE35;2023.0;2.0;9;RM2400;0.0;1965.0
PTWE35;2023.0;2.0;9;RM4500;0.0;2953.2799999999997
PTWE35;2023.0;3.0;9;F3B;0.0;257.9
PTWE35;2023.0;3.0;9;F4B;0.0;1647.6399999999999
PTWE35;2023.0;3.0;9;M1;0.0;4954.400000000001
PTWE35;2023.0;3.0;9;M2;0.0;5033.6
PTWE35;2023.0;3.0;9;M3;0.0;4340.16
PTWE35;2023.0;3.0;9;M8;0.0;5292.32
PTWE35;2023.0;3.0;9;RM2400;0.0;2032.5
PTWE35;2023.0;3.0;9;RM4500;0.0;2865.2799999999997
PTWE35;2023.0;3.0;10;F3B;0.0;982.05
PTWE35;2023.0;3.0;10;F4B;0.0;6653.744
PTWE35;2023.0;3.0;10;FB;0.0;1587.0
PTWE35;2023.0;3.0;10;M1;0.0;15624.4
PTWE35;2023.0;3.0;10;M2;0.0;16220.16
PTWE35;2023.0;3.0;10;M3;0.0;14105.52
PTWE35;2023.0;3.0;10;M8;0.0;23152.8
PTWE35;2023.0;3.0;10;RM2400;0.0;6435.0
PTWE35;2023.0;3.0;10;RM4500;0.0;9929.92
PTWE35;2023.0;3.0;11;F3B;0.0;1229.75
PTWE35;2023.0;3.0;11;F4B;0.0;4501.8
PTWE35;2023.0;3.0;11;FB;0.0;1831.0
PTWE35;2023.0;3.0;11;M1;0.0;8454.84
PTWE35;2023.0;3.0;11;M2;0.0;12418.56
PTWE35;2023.0;3.0;11;M3;0.0;12056.0
PTWE35;2023.0;3.0;11;M8;0.0;11595.584
PTWE35;2023.0;3.0;11;RM2400;0.0;3787.5
PTWE35;2023.0;3.0;11;RM4500;0.0;6240.96
PTWE35;2023.0;3.0;12;F3B;0.0;1020.8
PTWE35;2023.0;3.0;12;F4B;0.0;4099.7
PTWE35;2023.0;3.0;12;FB;0.0;1475.0
PTWE35;2023.0;3.0;12;M1;0.0;10320.904
PTWE35;2023.0;3.0;12;M2;0.0;11024.64
PTWE35;2023.0;3.0;12;M3;0.0;11935.439999999999
PTWE35;2023.0;3.0;12;M8;0.0;15399.119999999999
PTWE35;2023.0;3.0;12;RM2400;0.0;4507.5
PTWE35;2023.0;3.0;12;RM4500;0.0;5857.28
PTWE35;2023.0;3.0;13;F3B;0.0;1102.85
PTWE35;2023.0;3.0;13;F4B;0.0;3401.4
PTWE35;2023.0;3.0;13;FB;0.0;648.0
PTWE35;2023.0;3.0;13;M1;0.0;8197.04
PTWE35;2023.0;3.0;13;M2;0.0;9504.0
PTWE35;2023.0;3.0;13;M3;0.0;8198.08
PTWE35;2023.0;3.0;13;M8;0.0;10680.648
PTWE35;2023.0;3.0;13;RM2400;0.0;3525.0
PTWE35;2023.0;3.0;13;RM4500;0.0;3576.32
PTWE35;2023.0;4.0;13;F3B;0.0;281.4
PTWE35;2023.0;4.0;13;F4B;0.0;768.7
PTWE35;2023.0;4.0;13;FB;0.0;171.0
PTWE35;2023.0;4.0;13;M1;0.0;2087.36
PTWE35;2023.0;4.0;13;M2;0.0;2661.12
PTWE35;2023.0;4.0;13;M3;0.0;1687.84
PTWE35;2023.0;4.0;13;M8;0.0;2552.44
PTWE35;2023.0;4.0;13;RM2400;0.0;1133.5
PTWE35;2023.0;4.0;13;RM4500;0.0;816.64
PTWE35;2023.0;4.0;14;F3B;0.0;1177.75
PTWE35;2023.0;4.0;14;F4B;0.0;3222.0
PTWE35;2023.0;4.0;14;FB;0.0;753.5
PTWE35;2023.0;4.0;14;M1;0.0;7031.2
PTWE35;2023.0;4.0;14;M2;0.0;7983.36
PTWE35;2023.0;4.0;14;M3;0.0;8077.5199999999995
PTWE35;2023.0;4.0;14;M8;0.0;5783.536
PTWE35;2023.0;4.0;14;RM2400;0.0;3124.5
PTWE35;2023.0;4.0;14;RM4500;0.0;3333.44
PTWE35;2023.0;4.0;15;F3B;0.0;844.85
PTWE35;2023.0;4.0;15;F4B;0.0;3182.0
PTWE35;2023.0;4.0;15;FB;0.0;823.0
PTWE35;2023.0;4.0;15;M1;0.0;6033.64
PTWE35;2023.0;4.0;15;M2;0.0;8490.24
PTWE35;2023.0;4.0;15;M3;0.0;7113.04
PTWE35;2023.0;4.0;15;M8;0.0;7406.256
PTWE35;2023.0;4.0;15;RM2400;0.0;2829.0
PTWE35;2023.0;4.0;15;RM4500;0.0;3984.64
PTWE35;2023.0;4.0;16;F3B;0.0;505.25
PTWE35;2023.0;4.0;16;F4B;0.0;3932.548
PTWE35;2023.0;4.0;16;FB;0.0;56.0
PTWE35;2023.0;4.0;16;M1;0.0;11515.096
PTWE35;2023.0;4.0;16;M2;0.0;13052.16
PTWE35;2023.0;4.0;16;M3;0.0;7715.84
PTWE35;2023.0;4.0;16;M8;0.0;9106.592
PTWE35;2023.0;4.0;16;RM2400;0.0;3176.9
PTWE35;2023.0;4.0;16;RM4500;0.0;7036.48
PTWE35;2023.0;4.0;17;F3B;0.0;839.01
PTWE35;2023.0;4.0;17;F4B;0.0;3836.958
PTWE35;2023.0;4.0;17;M1;0.0;9349.576000000001
PTWE35;2023.0;4.0;17;M2;0.0;6842.88
PTWE35;2023.0;4.0;17;M3;0.0;11212.08
PTWE35;2023.0;4.0;17;M8;0.0;16529.832
PTWE35;2023.0;4.0;17;RM2400;0.0;3096.0
PTWE35;2023.0;4.0;17;RM4500;0.0;7399.04
PTWE35;2023.0;5.0;18;F3B;0.0;561.545
PTWE35;2023.0;5.0;18;F4B;0.0;1934.5
PTWE35;2023.0;5.0;18;FB;0.0;228.0
PTWE35;2023.0;5.0;18;M1;0.0;3267.264
PTWE35;2023.0;5.0;18;M2;0.0;7349.76
PTWE35;2023.0;5.0;18;M3;0.0;6510.240000000001
PTWE35;2023.0;5.0;18;M8;0.0;6005.208
PTWE35;2023.0;5.0;18;RM2400;0.0;1802.6
PTWE35;2023.0;5.0;18;RM4500;0.0;3608.0
PTWE35;2023.0;5.0;19;F3B;0.0;1025.77
PTWE35;2023.0;5.0;19;F4B;0.0;1996.35
PTWE35;2023.0;5.0;19;FB;0.0;606.0
PTWE35;2023.0;5.0;19;M1;0.0;6438.2
PTWE35;2023.0;5.0;19;M2;0.0;9250.56
PTWE35;2023.0;5.0;19;M3;0.0;9162.56
PTWE35;2023.0;5.0;19;M8;0.0;8573.4
PTWE35;2023.0;5.0;19;RM2400;0.0;3581.8
PTWE35;2023.0;5.0;19;RM4500;0.0;3657.2799999999997
PTWE35;2023.0;5.0;20;F3B;0.0;469.67
PTWE35;2023.0;5.0;20;F4B;0.0;2359.2
PTWE35;2023.0;5.0;20;FB;0.0;150.0
PTWE35;2023.0;5.0;20;M1;0.0;6662.56
PTWE35;2023.0;5.0;20;M2;0.0;7349.76
PTWE35;2023.0;5.0;20;M3;0.0;7233.6
PTWE35;2023.0;5.0;20;M8;0.0;6819.031999999999
PTWE35;2023.0;5.0;20;RM2400;0.0;2610.0
PTWE35;2023.0;5.0;20;RM4500;0.0;3065.92
PTWE35;2023.0;5.0;21;F3B;0.0;881.4
PTWE35;2023.0;5.0;21;F4B;0.0;2359.082
PTWE35;2023.0;5.0;21;FB;0.0;308.0
PTWE35;2023.0;5.0;21;M1;0.0;10380.8
PTWE35;2023.0;5.0;21;M2;0.0;11658.24
PTWE35;2023.0;5.0;21;M3;0.0;11091.52
PTWE35;2023.0;5.0;21;M8;0.0;10893.08
PTWE35;2023.0;5.0;21;RM2400;0.0;5205.0
PTWE35;2023.0;5.0;21;RM4500;0.0;4005.76
PTWE35;2023.0;5.0;22;F3B;0.0;409.8
PTWE35;2023.0;5.0;22;F4B;0.0;1052.15
PTWE35;2023.0;5.0;22;FB;0.0;63.0
PTWE35;2023.0;5.0;22;M1;0.0;5142.72
PTWE35;2023.0;5.0;22;M2;0.0;4942.08
PTWE35;2023.0;5.0;22;M3;0.0;4701.84
PTWE35;2023.0;5.0;22;M8;0.0;4758.16
PTWE35;2023.0;5.0;22;RM2400;0.0;2055.0
PTWE35;2023.0;5.0;22;RM4500;0.0;3945.92
PTWE35;2023.0;6.0;22;F3B;0.0;1220.53
PTWE35;2023.0;6.0;22;F4B;0.0;2041.75
PTWE35;2023.0;6.0;22;M1;0.0;5355.0
PTWE35;2023.0;6.0;22;M2;0.0;7223.04
PTWE35;2023.0;6.0;22;M3;0.0;7233.6
PTWE35;2023.0;6.0;22;M8;0.0;8835.2
PTWE35;2023.0;6.0;22;RM2400;0.0;3135.0
PTWE35;2023.0;6.0;22;RM4500;0.0;6899.2
PTWE35;2023.0;6.0;23;F3B;0.0;2656.0
PTWE35;2023.0;6.0;23;F4B;0.0;2869.315
PTWE35;2023.0;6.0;23;FB;0.0;496.0
PTWE35;2023.0;6.0;23;M1;0.0;9563.84
PTWE35;2023.0;6.0;23;M2;0.0;9630.72
PTWE35;2023.0;6.0;23;M3;0.0;9644.8
PTWE35;2023.0;6.0;23;M8;0.0;11842.248
PTWE35;2023.0;6.0;23;RM2400;0.0;3630.0
PTWE35;2023.0;6.0;23;RM4500;0.0;4741.4400000000005
PTWE35;2023.0;6.0;24;F3B;0.0;3347.55
PTWE35;2023.0;6.0;24;F4B;0.0;3662.66
PTWE35;2023.0;6.0;24;FB;0.0;725.0
PTWE35;2023.0;6.0;24;M1;0.0;12090.32
PTWE35;2023.0;6.0;24;M2;0.0;12798.72
PTWE35;2023.0;6.0;24;M3;0.0;12056.0
PTWE35;2023.0;6.0;24;M8;0.0;13260.368
PTWE35;2023.0;6.0;24;RM2400;0.0;4132.5
PTWE35;2023.0;6.0;24;RM4500;0.0;5290.5599999999995
PTWE35;2023.0;6.0;25;F3B;0.0;2230.6
PTWE35;2023.0;6.0;25;F4B;0.0;3592.24
PTWE35;2023.0;6.0;25;FB;0.0;874.0
PTWE35;2023.0;6.0;25;M1;0.0;11467.28
PTWE35;2023.0;6.0;25;M2;0.0;11911.68
PTWE35;2023.0;6.0;25;M3;0.0;11573.76
PTWE35;2023.0;6.0;25;M8;0.0;12226.456
PTWE35;2023.0;6.0;25;RM2400;0.0;4659.0
PTWE35;2023.0;6.0;25;RM4500;0.0;2816.0
PTWE35;2023.0;6.0;26;F3B;0.0;808.75
PTWE35;2023.0;6.0;26;F4B;0.0;3036.6
PTWE35;2023.0;6.0;26;M1;0.0;5476.16
PTWE35;2023.0;6.0;26;M2;0.0;9630.720000000001
PTWE35;2023.0;6.0;26;M3;0.0;8077.52
PTWE35;2023.0;6.0;26;M8;0.0;8679.576000000001
PTWE35;2023.0;6.0;26;RM2400;0.0;4260.8
PTWE35;2023.0;6.0;26;RM4500;0.0;2865.2799999999997
PTWE35;2023.0;7.0;27;F3B;0.0;1071.5
PTWE35;2023.0;7.0;27;F4B;0.0;3882.86
PTWE35;2023.0;7.0;27;FB;0.0;1368.0
PTWE35;2023.0;7.0;27;M1;0.0;15017.112000000001
PTWE35;2023.0;7.0;27;M2;0.0;14826.24
PTWE35;2023.0;7.0;27;M3;0.0;14828.880000000001
PTWE35;2023.0;7.0;27;M8;0.0;13052.528
PTWE35;2023.0;7.0;27;RM2400;0.0;5528.0
PTWE35;2023.0;7.0;27;RM4500;0.0;6473.28
PTWE35;2023.0;7.0;28;F4B;0.0;2137.35
PTWE35;2023.0;7.0;28;FB;0.0;628.0
PTWE35;2023.0;7.0;28;M1;0.0;6331.84
PTWE35;2023.0;7.0;28;M2;0.0;7349.76
PTWE35;2023.0;7.0;28;M3;0.0;6992.48
PTWE35;2023.0;7.0;28;M8;0.0;6250.200000000001
PTWE35;2023.0;7.0;28;RM2400;0.0;2505.0
PTWE35;2023.0;7.0;28;RM4500;0.0;4649.92
PTWE35;2023.0;7.0;29;F3B;0.0;1591.0
PTWE35;2023.0;7.0;29;F4B;0.0;3854.27
PTWE35;2023.0;7.0;29;FB;0.0;585.0
PTWE35;2023.0;7.0;29;M1;0.0;11486.64
PTWE35;2023.0;7.0;29;M2;0.0;11278.08
PTWE35;2023.0;7.0;29;M3;0.0;10729.84
PTWE35;2023.0;7.0;29;M8;0.0;9762.104
PTWE35;2023.0;7.0;29;RM2400;0.0;5085.0
PTWE35;2023.0;7.0;29;RM4500;0.0;8279.04
PTWE35;2023.0;7.0;30;F3B;0.0;2270.9
PTWE35;2023.0;7.0;30;F4B;0.0;3344.6
PTWE35;2023.0;7.0;30;FB;0.0;440.0
PTWE35;2023.0;7.0;30;M1;0.0;8905.2
PTWE35;2023.0;7.0;30;M2;0.0;10391.04
PTWE35;2023.0;7.0;30;M3;0.0;9403.68
PTWE35;2023.0;7.0;30;M8;0.0;8581.144
PTWE35;2023.0;7.0;30;RM2400;0.0;4929.5
PTWE35;2023.0;7.0;30;RM4500;0.0;7948.16
PTWE35;2023.0;7.0;31;F3B;0.0;319.0
PTWE35;2023.0;7.0;31;F4B;0.0;770.0
PTWE35;2023.0;7.0;31;FB;0.0;212.0
PTWE35;2023.0;7.0;31;M1;0.0;2247.52
PTWE35;2023.0;7.0;31;M2;0.0;2407.68
PTWE35;2023.0;7.0;31;M3;0.0;2411.2
PTWE35;2023.0;7.0;31;M8;0.0;2740.3199999999997
PTWE35;2023.0;7.0;31;RM2400;0.0;1020.0
PTWE35;2023.0;7.0;31;RM4500;0.0;704.0
PTWE35;2023.0;8.0;31;F3B;0.0;1854.3
PTWE35;2023.0;8.0;31;F4B;0.0;3129.11
PTWE35;2023.0;8.0;31;M1;0.0;8848.4
PTWE35;2023.0;8.0;31;M2;0.0;9123.84
PTWE35;2023.0;8.0;31;M3;0.0;8680.32
PTWE35;2023.0;8.0;31;M8;0.0;9106.944
PTWE35;2023.0;8.0;31;RM2400;0.0;4067.4
PTWE35;2023.0;8.0;31;RM4500;0.0;5061.76
PTWE35;2023.0;8.0;35;F3B;0.0;1158.7
PTWE35;2023.0;8.0;35;F4B;0.0;2158.53
PTWE35;2023.0;8.0;35;M1;0.0;4002.824
PTWE35;2023.0;8.0;35;M2;0.0;4942.08
PTWE35;2023.0;8.0;35;M3;0.0;3857.92
PTWE35;2023.0;8.0;35;M8;0.0;6993.447999999999
PTWE35;2023.0;8.0;35;RM2400;0.0;2870.4
PTWE35;2023.0;8.0;35;RM4500;0.0;2640.0
PTWE35;2023.0;9.0;35;F3B;0.0;531.9
PTWE35;2023.0;9.0;35;F4B;0.0;1535.99
PTWE35;2023.0;9.0;35;FB;0.0;201.0
PTWE35;2023.0;9.0;35;M1;0.0;4100.88
PTWE35;2023.0;9.0;35;M2;0.0;3421.4399999999996
PTWE35;2023.0;9.0;35;M3;0.0;3134.56
PTWE35;2023.0;9.0;35;M8;0.0;4500.144
PTWE35;2023.0;9.0;35;RM2400;0.0;1953.0
PTWE35;2023.0;9.0;35;RM4500;0.0;2288.0
PTWE35;2023.0;9.0;36;F3B;0.0;1274.45
PTWE35;2023.0;9.0;36;F4B;0.0;3082.36
PTWE35;2023.0;9.0;36;FB;0.0;984.0
PTWE35;2023.0;9.0;36;M1;0.0;9579.68
PTWE35;2023.0;9.0;36;M2;0.0;7729.92
PTWE35;2023.0;9.0;36;M3;0.0;7836.4
PTWE35;2023.0;9.0;36;M8;0.0;9451.64
PTWE35;2023.0;9.0;36;RM2400;0.0;3614.5
PTWE35;2023.0;9.0;36;RM4500;0.0;8923.2
PTWE35;2023.0;9.0;37;F3B;0.0;1371.05
PTWE35;2023.0;9.0;37;F4B;0.0;3460.06
PTWE35;2023.0;9.0;37;FB;0.0;1323.0
PTWE35;2023.0;9.0;37;M1;0.0;9943.72
PTWE35;2023.0;9.0;37;M2;0.0;10137.599999999999
PTWE35;2023.0;9.0;37;M3;0.0;9885.92
PTWE35;2023.0;9.0;37;M8;0.0;13046.088
PTWE35;2023.0;9.0;37;RM2400;0.0;2697.5
PTWE35;2023.0;9.0;37;RM4500;0.0;13685.76
PTWE35;2023.0;9.0;38;F3B;0.0;849.45
PTWE35;2023.0;9.0;38;F4B;0.0;3624.8
PTWE35;2023.0;9.0;38;FB;0.0;1597.0
PTWE35;2023.0;9.0;38;M1;0.0;4557.168
PTWE35;2023.0;9.0;38;M2;0.0;9123.84
PTWE35;2023.0;9.0;38;M3;0.0;9403.68
PTWE35;2023.0;9.0;38;M8;0.0;11064.504
PTWE35;2023.0;9.0;38;RM2400;0.0;3097.5
PTWE35;2023.0;9.0;38;RM4500;0.0;10869.76
PTWE35;2023.0;9.0;39;F4B;0.0;3898.1
PTWE35;2023.0;9.0;39;FB;0.0;1737.0
PTWE35;2023.0;9.0;39;M1;0.0;6417.648
PTWE35;2023.0;9.0;39;M2;0.0;8616.96
PTWE35;2023.0;9.0;39;M3;0.0;9403.68
PTWE35;2023.0;9.0;39;M8;0.0;12711.776
PTWE35;2023.0;9.0;39;RM2400;0.0;2490.0
PTWE35;2023.0;9.0;39;RM4500;0.0;9137.92
PTWE35;2023.0;10.0;40;F4B;0.0;4151.6
PTWE35;2023.0;10.0;40;FB;0.0;285.0
PTWE35;2023.0;10.0;40;M1;0.0;13033.76
PTWE35;2023.0;10.0;40;M2;0.0;11911.68
PTWE35;2023.0;10.0;40;M3;0.0;11453.2
PTWE35;2023.0;10.0;40;M8;0.0;14798.96
PTWE35;2023.0;10.0;40;RM2400;0.0;4006.2
PTWE35;2023.0;10.0;40;RM4500;0.0;4759.04
PTWE35;2023.0;10.0;41;F4B;0.0;2638.7
PTWE35;2023.0;10.0;41;M1;0.0;9276.880000000001
PTWE35;2023.0;10.0;41;M2;0.0;7729.92
PTWE35;2023.0;10.0;41;M3;0.0;6510.24
PTWE35;2023.0;10.0;41;M8;0.0;10592.56
PTWE35;2023.0;10.0;41;RM2400;0.0;2336.2
PTWE35;2023.0;10.0;41;RM4500;0.0;5061.76
PTWE35;2023.0;10.0;42;F4B;0.0;3444.0
PTWE35;2023.0;10.0;42;FB;0.0;936.0
PTWE35;2023.0;10.0;42;M1;0.0;10130.56
PTWE35;2023.0;10.0;42;M2;0.0;9884.16
PTWE35;2023.0;10.0;42;M3;0.0;11453.2
PTWE35;2023.0;10.0;42;M8;0.0;10986.712
PTWE35;2023.0;10.0;42;RM2400;0.0;3225.0
PTWE35;2023.0;10.0;42;RM4500;0.0;6336.0
PTWE35;2023.0;10.0;43;F4B;0.0;3424.0
PTWE35;2023.0;10.0;43;FB;0.0;1081.0
PTWE35;2023.0;10.0;43;M1;0.0;11847.44
PTWE35;2023.0;10.0;43;M2;0.0;10264.32
PTWE35;2023.0;10.0;43;M3;0.0;10970.96
PTWE35;2023.0;10.0;43;M8;0.0;9534.887999999999
PTWE35;2023.0;10.0;43;RM2400;0.0;2655.0
PTWE35;2023.0;10.0;43;RM4500;0.0;4762.5599999999995
PTWE35;2023.0;10.0;44;F4B;0.0;200.5
PTWE35;2023.0;10.0;44;FB;0.0;216.0
PTWE35;2023.0;10.0;44;M1;0.0;1070.0
PTWE35;2023.0;10.0;44;M2;0.0;4336.639999999999
PTWE35;2023.0;10.0;44;M8;0.0;2664.2
PTWE35;2023.0;10.0;44;RM2400;0.0;615.0
PTWE35;2023.0;11.0;44;F3B;0.0;4.2
PTWE35;2023.0;11.0;44;F4B;0.0;1129.5
PTWE35;2023.0;11.0;44;M1;0.0;4624.52
PTWE35;2023.0;11.0;44;M2;0.0;8082.799999999999
PTWE35;2023.0;11.0;44;M8;0.0;2210.9120000000003
PTWE35;2023.0;11.0;44;RM2400;0.0;1222.5
PTWE35;2023.0;11.0;44;RM4500;0.0;616.0
PTWE35;2023.0;11.0;45;F3B;0.0;1173.1
PTWE35;2023.0;11.0;45;F4B;0.0;3672.0
PTWE35;2023.0;11.0;45;M1;0.0;8109.76
PTWE35;2023.0;11.0;45;M2;0.0;15121.04
PTWE35;2023.0;11.0;45;M3;0.0;2531.76
PTWE35;2023.0;11.0;45;M8;0.0;10353.464
PTWE35;2023.0;11.0;45;RM2400;0.0;4170.0
PTWE35;2023.0;11.0;45;RM4500;0.0;2949.76
PTWE35;2023.0;11.0;46;F3B;0.0;1741.0
PTWE35;2023.0;11.0;46;F4B;0.0;3413.75
PTWE35;2023.0;11.0;46;FB;0.0;684.0
PTWE35;2023.0;11.0;46;M1;0.0;4213.92
PTWE35;2023.0;11.0;46;M2;0.0;10897.92
PTWE35;2023.0;11.0;46;M3;0.0;10247.6
PTWE35;2023.0;11.0;46;M8;0.0;12813.36
PTWE35;2023.0;11.0;46;RM2400;0.0;3757.5
PTWE35;2023.0;11.0;46;RM4500;0.0;704.0
PTWE35;2023.0;11.0;47;F3B;0.0;1874.1
PTWE35;2023.0;11.0;47;F4B;0.0;2742.172
PTWE35;2023.0;11.0;47;M1;0.0;2210.72
PTWE35;2023.0;11.0;47;M2;0.0;7983.36
PTWE35;2023.0;11.0;47;M3;0.0;8439.2
PTWE35;2023.0;11.0;47;M8;0.0;7089.28
PTWE35;2023.0;11.0;47;RM2400;0.0;2739.0
PTWE35;2023.0;11.0;47;RM4500;0.0;2421.76
PTWE35;2023.0;11.0;48;F3B;0.0;2103.75
PTWE35;2023.0;11.0;48;F4B;0.0;2429.3
PTWE35;2023.0;11.0;48;FB;0.0;773.0
PTWE35;2023.0;11.0;48;M1;0.0;3913.3199999999997
PTWE35;2023.0;11.0;48;M2;0.0;14929.199999999999
PTWE35;2023.0;11.0;48;M3;0.0;2531.76
PTWE35;2023.0;11.0;48;M8;0.0;8371.704
PTWE35;2023.0;11.0;48;RM2400;0.0;2350.0
PTWE35;2023.0;11.0;48;RM4500;0.0;2752.64
PTWE35;2023.0;12.0;48;F3B;0.0;905.2
PTWE35;2023.0;12.0;48;F4B;0.0;1230.7
PTWE35;2023.0;12.0;48;FB;0.0;171.0
PTWE35;2023.0;12.0;48;M1;0.0;3037.76
PTWE35;2023.0;12.0;48;M2;0.0;3801.6000000000004
PTWE35;2023.0;12.0;48;M3;0.0;3978.4799999999996
PTWE35;2023.0;12.0;48;M8;0.0;4500.144
PTWE35;2023.0;12.0;48;RM2400;0.0;1230.0
PTWE35;2023.0;12.0;48;RM4500;0.0;704.0
PTWE35;2023.0;12.0;49;F3B;0.0;1240.9
PTWE35;2023.0;12.0;49;F4B;0.0;2014.1
PTWE35;2023.0;12.0;49;M1;0.0;2277.44
PTWE35;2023.0;12.0;49;M2;0.0;8363.52
PTWE35;2023.0;12.0;49;M3;0.0;8077.52
PTWE35;2023.0;12.0;49;M8;0.0;9358.008
PTWE35;2023.0;12.0;49;RM2400;0.0;3067.5
PTWE35;2023.0;12.0;49;RM4500;0.0;4664.0
PTWE35;2023.0;12.0;50;F3B;0.0;1521.85
PTWE35;2023.0;12.0;50;F4B;0.0;2925.0
PTWE35;2023.0;12.0;50;FB;0.0;612.0
PTWE35;2023.0;12.0;50;M1;0.0;5836.4400000000005
PTWE35;2023.0;12.0;50;M2;0.0;11949.519999999999
PTWE35;2023.0;12.0;50;M3;0.0;1687.84
PTWE35;2023.0;12.0;50;M8;0.0;10934.44
PTWE35;2023.0;12.0;50;RM2400;0.0;4137.1
PTWE35;2023.0;12.0;50;RM4500;0.0;6248.0
PTWE35;2023.0;12.0;51;F3B;0.0;920.35
PTWE35;2023.0;12.0;51;F4B;0.0;2720.25
PTWE35;2023.0;12.0;51;FB;0.0;156.0
PTWE35;2023.0;12.0;51;M1;0.0;5024.5599999999995
PTWE35;2023.0;12.0;51;M2;0.0;6129.2
PTWE35;2023.0;12.0;51;M3;0.0;3014.0
PTWE35;2023.0;12.0;51;M8;0.0;8208.2
PTWE35;2023.0;12.0;51;RM2400;0.0;1068.0
PTWE35;2023.0;12.0;51;RM4500;0.0;1408.0
PTWE35;2024.0;1.0;1;F3B;0.0;559.05
PTWE35;2024.0;1.0;1;F4B;0.0;1712.6
PTWE35;2024.0;1.0;1;M1;0.0;3998.72
PTWE35;2024.0;1.0;1;M2;0.0;5829.12
PTWE35;2024.0;1.0;1;M3;0.0;5304.64
PTWE35;2024.0;1.0;1;M8;0.0;5813.28
PTWE35;2024.0;1.0;1;RM2400;0.0;1042.5
PTWE35;2024.0;1.0;1;RM4500;0.0;1661.44
PTWE35;2024.0;1.0;2;F3B;0.0;958.65
PTWE35;2024.0;1.0;2;F4B;0.0;2347.64
PTWE35;2024.0;1.0;2;M1;0.0;8066.08
PTWE35;2024.0;1.0;2;M2;0.0;5829.12
PTWE35;2024.0;1.0;2;M3;0.0;6630.8
PTWE35;2024.0;1.0;2;M8;0.0;10619.52
PTWE35;2024.0;1.0;2;RM2400;0.0;1895.0
PTWE35;2024.0;1.0;2;RM4500;0.0;2907.52
PTWE35;2024.0;1.0;3;F3B;0.0;592.2
PTWE35;2024.0;1.0;3;F4B;0.0;2783.945
PTWE35;2024.0;1.0;3;FB;0.0;560.0
PTWE35;2024.0;1.0;3;M1;0.0;3241.92
PTWE35;2024.0;1.0;3;M2;0.0;5068.8
PTWE35;2024.0;1.0;3;M3;0.0;6269.12
PTWE35;2024.0;1.0;3;M8;0.0;18320.544
PTWE35;2024.0;1.0;3;RM2400;0.0;4278.0
PTWE35;2024.0;1.0;3;RM4500;0.0;1640.32
PTWE35;2024.0;1.0;4;F3B;0.0;612.7
PTWE35;2024.0;1.0;4;F4B;0.0;1200.28
PTWE35;2024.0;1.0;4;M1;0.0;6720.48
PTWE35;2024.0;1.0;4;M2;0.0;5195.5199999999995
PTWE35;2024.0;1.0;4;M3;0.0;5063.52
PTWE35;2024.0;1.0;4;M8;0.0;8386.928
PTWE35;2024.0;1.0;4;RM2400;0.0;3277.5
PTWE35;2024.0;1.0;4;RM4500;0.0;1661.44
PTWE35;2024.0;1.0;5;F3B;0.0;265.0
PTWE35;2024.0;1.0;5;F4B;0.0;1820.825
PTWE35;2024.0;1.0;5;M1;0.0;4660.48
PTWE35;2024.0;1.0;5;M2;0.0;4181.76
PTWE35;2024.0;1.0;5;M3;0.0;2531.7599999999998
PTWE35;2024.0;1.0;5;M8;0.0;5726.6
PTWE35;2024.0;1.0;5;RM2400;0.0;1704.0
PTWE35;2024.0;1.0;5;RM4500;0.0;2882.88
PTWE35;2024.0;2.0;5;F3B;0.0;517.05
PTWE35;2024.0;2.0;5;F4B;0.0;2858.0
PTWE35;2024.0;2.0;5;FB;0.0;45.0
PTWE35;2024.0;2.0;5;M1;0.0;5793.92
PTWE35;2024.0;2.0;5;M2;0.0;5068.8
PTWE35;2024.0;2.0;5;M3;0.0;5907.4400000000005
PTWE35;2024.0;2.0;5;M8;0.0;5785.032
PTWE35;2024.0;2.0;5;RM2400;0.0;1977.0
PTWE35;2024.0;2.0;5;RM4500;0.0;4463.36
PTWE35;2024.0;2.0;6;F3B;0.0;1215.24
PTWE35;2024.0;2.0;6;F4B;0.0;2920.0
PTWE35;2024.0;2.0;6;M1;0.0;7189.96
PTWE35;2024.0;2.0;6;M2;0.0;7096.32
PTWE35;2024.0;2.0;6;M3;0.0;6751.36
PTWE35;2024.0;2.0;6;M8;0.0;8203.36
PTWE35;2024.0;2.0;6;RM2400;0.0;3029.8
PTWE35;2024.0;2.0;6;RM4500;0.0;1809.783
PTWE35;2024.0;2.0;7;F3B;0.0;396.0
PTWE35;2024.0;2.0;7;F4B;0.0;2657.9
PTWE35;2024.0;2.0;7;FB;0.0;539.5
PTWE35;2024.0;2.0;7;M1;0.0;8291.56
PTWE35;2024.0;2.0;7;M2;0.0;6589.4400000000005
PTWE35;2024.0;2.0;7;M3;0.0;7113.04
PTWE35;2024.0;2.0;7;M8;0.0;10225.776
PTWE35;2024.0;2.0;7;RM2400;0.0;1109.1
PTWE35;2024.0;2.0;7;RM4500;0.0;7951.68
PTWE35;2024.0;2.0;8;F3B;0.0;484.0
PTWE35;2024.0;2.0;8;F4B;0.0;2697.0
PTWE35;2024.0;2.0;8;M1;0.0;8385.12
PTWE35;2024.0;2.0;8;M2;0.0;9104.48
PTWE35;2024.0;2.0;8;M3;0.0;3014.0
PTWE35;2024.0;2.0;8;M8;0.0;10332.344000000001
PTWE35;2024.0;2.0;8;RM2400;0.0;2452.5
PTWE35;2024.0;2.0;8;RM4500;0.0;4829.44
PTWE35;2024.0;2.0;9;F3B;0.0;495.8
PTWE35;2024.0;2.0;9;F4B;0.0;2289.2
PTWE35;2024.0;2.0;9;FB;0.0;116.0
PTWE35;2024.0;2.0;9;M1;0.0;8850.24
PTWE35;2024.0;2.0;9;M2;0.0;8217.44
PTWE35;2024.0;2.0;9;M3;0.0;4160.64
PTWE35;2024.0;2.0;9;M8;0.0;10239.592
PTWE35;2024.0;2.0;9;RM2400;0.0;2370.0
PTWE35;2024.0;2.0;9;RM4500;0.0;3769.92
PTWE35;2024.0;3.0;10;F3B;0.0;553.15
PTWE35;2024.0;3.0;10;F4B;0.0;2465.5
PTWE35;2024.0;3.0;10;M1;0.0;9522.36
PTWE35;2024.0;3.0;10;M2;0.0;8622.24
PTWE35;2024.0;3.0;10;M3;0.0;10011.76
PTWE35;2024.0;3.0;10;M8;0.0;10331.024
PTWE35;2024.0;3.0;10;RM2400;0.0;2996.5
PTWE35;2024.0;3.0;10;RM4500;0.0;7289.92
PTWE35;2024.0;3.0;11;F3B;0.0;1558.3
PTWE35;2024.0;3.0;11;F4B;0.0;2793.0
PTWE35;2024.0;3.0;11;M1;0.0;11098.08
PTWE35;2024.0;3.0;11;M2;0.0;8479.68
PTWE35;2024.0;3.0;11;M3;0.0;11501.6
PTWE35;2024.0;3.0;11;M8;0.0;12189.144
PTWE35;2024.0;3.0;11;RM2400;0.0;3221.0
PTWE35;2024.0;3.0;11;RM4500;0.0;6589.44
PTWE35;2024.0;3.0;12;F3B;0.0;1616.45
PTWE35;2024.0;3.0;12;F4B;0.0;2839.0
PTWE35;2024.0;3.0;12;M1;0.0;9930.28
PTWE35;2024.0;3.0;12;M2;0.0;6079.04
PTWE35;2024.0;3.0;12;M3;0.0;8930.24
PTWE35;2024.0;3.0;12;M8;0.0;11250.36
PTWE35;2024.0;3.0;12;RM2400;0.0;3435.0
PTWE35;2024.0;3.0;12;RM4500;0.0;7063.467
PTWE35;2024.0;3.0;13;F3B;0.0;1071.48
PTWE35;2024.0;3.0;13;F4B;0.0;2802.08
PTWE35;2024.0;3.0;13;FB;0.0;673.0
PTWE35;2024.0;3.0;13;M1;0.0;9650.28
PTWE35;2024.0;3.0;13;M2;0.0;8870.400000000001
PTWE35;2024.0;3.0;13;M3;0.0;7474.719999999999
PTWE35;2024.0;3.0;13;M8;0.0;10605.32
PTWE35;2024.0;3.0;13;RM2400;0.0;2454.0
PTWE35;2024.0;3.0;13;RM4500;0.0;6015.68
PTWE35;2024.0;4.0;14;F3B;0.0;716.9
PTWE35;2024.0;4.0;14;F4B;0.0;2594.14
PTWE35;2024.0;4.0;14;FB;0.0;438.5
PTWE35;2024.0;4.0;14;M1;0.0;9906.48
PTWE35;2024.0;4.0;14;M2;0.0;8997.119999999999
PTWE35;2024.0;4.0;14;M3;0.0;7956.96
PTWE35;2024.0;4.0;14;M8;0.0;13315.368
PTWE35;2024.0;4.0;14;RM2400;0.0;3900.0
PTWE35;2024.0;4.0;14;RM4500;0.0;4801.28
PTWE35;2024.0;4.0;15;F3B;0.0;675.0
PTWE35;2024.0;4.0;15;F4B;0.0;2875.52
PTWE35;2024.0;4.0;15;M1;0.0;8780.640000000001
PTWE35;2024.0;4.0;15;M2;0.0;8616.96
PTWE35;2024.0;4.0;15;M3;0.0;7836.400000000001
PTWE35;2024.0;4.0;15;M8;0.0;7787.031999999999
PTWE35;2024.0;4.0;15;RM2400;0.0;3483.0
PTWE35;2024.0;4.0;15;RM4500;0.0;5896.0
PTWE35;2024.0;4.0;16;F3B;0.0;203.475
PTWE35;2024.0;4.0;16;F4B;0.0;2779.68
PTWE35;2024.0;4.0;16;FB;0.0;984.0
PTWE35;2024.0;4.0;16;M1;0.0;9484.92
PTWE35;2024.0;4.0;16;M2;0.0;7856.639999999999
PTWE35;2024.0;4.0;16;M3;0.0;8077.52
PTWE35;2024.0;4.0;16;M8;0.0;13156.44
PTWE35;2024.0;4.0;16;RM2400;0.0;4830.0
PTWE35;2024.0;4.0;16;RM4500;0.0;4910.4
PTWE35;2024.0;4.0;17;F3B;0.0;167.5
PTWE35;2024.0;4.0;17;F4B;0.0;4053.38
PTWE35;2024.0;4.0;17;FB;0.0;1010.0
PTWE35;2024.0;4.0;17;M1;0.0;10149.92
PTWE35;2024.0;4.0;17;M2;0.0;11387.2
PTWE35;2024.0;4.0;17;M3;0.0;5566.88
PTWE35;2024.0;4.0;17;M8;0.0;13640.664
PTWE35;2024.0;4.0;17;RM2400;0.0;4808.5
PTWE35;2024.0;4.0;17;RM4500;0.0;3484.8
PTWE35;2024.0;4.0;18;F3B;0.0;294.45
PTWE35;2024.0;4.0;18;F4B;0.0;1479.01
PTWE35;2024.0;4.0;18;M1;0.0;4700.8
PTWE35;2024.0;4.0;18;M2;0.0;4239.84
PTWE35;2024.0;4.0;18;M3;0.0;3835.92
PTWE35;2024.0;4.0;18;M8;0.0;5601.024
PTWE35;2024.0;4.0;18;RM2400;0.0;1713.2
PTWE35;2024.0;4.0;18;RM4500;0.0;1408.0
PTWE35;2024.0;5.0;18;F3B;0.0;33.1
PTWE35;2024.0;5.0;18;F4B;0.0;1498.6
PTWE35;2024.0;5.0;18;FB;0.0;45.0
PTWE35;2024.0;5.0;18;M1;0.0;4087.08
PTWE35;2024.0;5.0;18;M3;0.0;2701.6
PTWE35;2024.0;5.0;18;M8;0.0;6018.496
PTWE35;2024.0;5.0;18;RM2400;0.0;1398.0
PTWE35;2024.0;5.0;18;RM4500;0.0;1661.44
PTWE35;2024.0;5.0;19;F3B;0.0;288.45
PTWE35;2024.0;5.0;19;F4B;0.0;581.8
PTWE35;2024.0;5.0;19;M1;0.0;2231.68
PTWE35;2024.0;5.0;19;M2;0.0;887.04
PTWE35;2024.0;5.0;19;M3;0.0;723.36
PTWE35;2024.0;5.0;19;M8;0.0;1421.1999999999998
PTWE35;2024.0;5.0;19;RM2400;0.0;615.0
PTWE35;2024.0;5.0;19;RM4500;0.0;1429.12
PTWE35;2024.0;5.0;20;F3B;0.0;1470.53
PTWE35;2024.0;5.0;20;F4B;0.0;2371.52
PTWE35;2024.0;5.0;20;M1;0.0;9528.12
PTWE35;2024.0;5.0;20;M2;0.0;8363.52
PTWE35;2024.0;5.0;20;M3;0.0;7113.04
PTWE35;2024.0;5.0;20;M8;0.0;10616.696
PTWE35;2024.0;5.0;20;RM2400;0.0;4267.5
PTWE35;2024.0;5.0;20;RM4500;0.0;4125.4400000000005
PTWE35;2024.0;5.0;21;F3B;0.0;1439.53
PTWE35;2024.0;5.0;21;F4B;0.0;3020.9
PTWE35;2024.0;5.0;21;M1;0.0;8792.08
PTWE35;2024.0;5.0;21;M2;0.0;5322.24
PTWE35;2024.0;5.0;21;M3;0.0;5907.4400000000005
PTWE35;2024.0;5.0;21;M8;0.0;9151.208
PTWE35;2024.0;5.0;21;RM2400;0.0;2998.5
PTWE35;2024.0;5.0;21;RM4500;0.0;3210.24
PTWE35;2024.0;5.0;22;F3B;0.0;890.17
PTWE35;2024.0;5.0;22;F4B;0.0;2173.7
PTWE35;2024.0;5.0;22;FB;0.0;733.0
PTWE35;2024.0;5.0;22;M1;0.0;10820.64
PTWE35;2024.0;5.0;22;M2;0.0;7729.92
PTWE35;2024.0;5.0;22;M3;0.0;8077.52
PTWE35;2024.0;5.0;22;M8;0.0;13374.679999999998
PTWE35;2024.0;5.0;22;RM2400;0.0;2226.5
PTWE35;2024.0;5.0;22;RM4500;0.0;2566.08
PTWE35;2024.0;6.0;22;F3B;0.0;104.68
PTWE35;2024.0;6.0;22;F4B;0.0;276.0
PTWE35;2024.0;6.0;22;FB;0.0;195.0
PTWE35;2024.0;6.0;22;M1;0.0;1524.1599999999999
PTWE35;2024.0;6.0;22;M2;0.0;1774.08
PTWE35;2024.0;6.0;22;M3;0.0;1808.4
PTWE35;2024.0;6.0;22;M8;0.0;3315.84
PTWE35;2024.0;6.0;22;RM2400;0.0;337.5
PTWE35;2024.0;6.0;23;F4B;0.0;2815.5
PTWE35;2024.0;6.0;23;FB;0.0;20.0
PTWE35;2024.0;6.0;23;M1;0.0;8481.44
PTWE35;2024.0;6.0;23;M2;0.0;7349.76
PTWE35;2024.0;6.0;23;M3;0.0;10127.04
PTWE35;2024.0;6.0;23;M8;0.0;11287.6
PTWE35;2024.0;6.0;23;RM2400;0.0;2937.0
PTWE35;2024.0;6.0;23;RM4500;0.0;5001.92
PTWE35;2024.0;6.0;24;F3B;0.0;54.0
PTWE35;2024.0;6.0;24;F4B;0.0;3213.902
PTWE35;2024.0;6.0;24;FB;0.0;120.0
PTWE35;2024.0;6.0;24;M1;0.0;8246.52
PTWE35;2024.0;6.0;24;M2;0.0;6455.68
PTWE35;2024.0;6.0;24;M3;0.0;9050.8
PTWE35;2024.0;6.0;24;M8;0.0;10301.104
PTWE35;2024.0;6.0;24;RM2400;0.0;3564.4
PTWE35;2024.0;6.0;24;RM4500;0.0;4385.92
PTWE35;2024.0;6.0;25;F3B;0.0;3.6
PTWE35;2024.0;6.0;25;F4B;0.0;3901.4
PTWE35;2024.0;6.0;25;M1;0.0;11300.08
PTWE35;2024.0;6.0;25;M2;0.0;7589.12
PTWE35;2024.0;6.0;25;M3;0.0;5687.44
PTWE35;2024.0;6.0;25;M8;0.0;11756.856
PTWE35;2024.0;6.0;25;RM2400;0.0;4793.1
PTWE35;2024.0;6.0;25;RM4500;0.0;7434.24
PTWE35;2024.0;6.0;26;F4B;0.0;2383.3
PTWE35;2024.0;6.0;26;FB;0.0;884.0
PTWE35;2024.0;6.0;26;M1;0.0;10332.28
PTWE35;2024.0;6.0;26;M2;0.0;7934.08
PTWE35;2024.0;6.0;26;M3;0.0;4460.72
PTWE35;2024.0;6.0;26;M8;0.0;10484.144
PTWE35;2024.0;6.0;26;RM2400;0.0;2180.0
PTWE35;2024.0;6.0;26;RM4500;0.0;4526.72
PTWE35;2024.0;7.0;27;F4B;0.0;3408.6
PTWE35;2024.0;7.0;27;FB;0.0;881.0
PTWE35;2024.0;7.0;27;M1;0.0;11340.12
PTWE35;2024.0;7.0;27;M2;0.0;11151.36
PTWE35;2024.0;7.0;27;M3;0.0;10247.6
PTWE35;2024.0;7.0;27;M8;0.0;11179.648
PTWE35;2024.0;7.0;27;RM2400;0.0;4894.0
PTWE35;2024.0;7.0;27;RM4500;0.0;7772.16
PTWE35;2024.0;7.0;28;F3B;0.0;673.65
PTWE35;2024.0;7.0;28;F4B;0.0;3076.7
PTWE35;2024.0;7.0;28;FB;0.0;270.0
PTWE35;2024.0;7.0;28;M1;0.0;10632.64
PTWE35;2024.0;7.0;28;M2;0.0;8521.92
PTWE35;2024.0;7.0;28;M3;0.0;5693.6
PTWE35;2024.0;7.0;28;M8;0.0;13234.936
PTWE35;2024.0;7.0;28;RM2400;0.0;4219.0
PTWE35;2024.0;7.0;28;RM4500;0.0;3600.96
PTWE35;2024.0;7.0;29;F3B;0.0;1335.15
PTWE35;2024.0;7.0;29;F4B;0.0;3407.6
PTWE35;2024.0;7.0;29;FB;0.0;349.0
PTWE35;2024.0;7.0;29;M1;0.0;11584.32
PTWE35;2024.0;7.0;29;M2;0.0;8914.4
PTWE35;2024.0;7.0;29;M3;0.0;3746.16
PTWE35;2024.0;7.0;29;M8;0.0;16479.584
PTWE35;2024.0;7.0;29;RM2400;0.0;4196.0
PTWE35;2024.0;7.0;29;RM4500;0.0;3541.12
PTWE35;2024.0;7.0;30;F3B;0.0;1201.1
PTWE35;2024.0;7.0;30;F4B;0.0;2258.0
PTWE35;2024.0;7.0;30;FB;0.0;912.0
PTWE35;2024.0;7.0;30;M1;0.0;10499.16
PTWE35;2024.0;7.0;30;M2;0.0;6788.32
PTWE35;2024.0;7.0;30;M3;0.0;7115.68
PTWE35;2024.0;7.0;30;M8;0.0;11508.728
PTWE35;2024.0;7.0;30;RM2400;0.0;3307.5
PTWE35;2024.0;7.0;30;RM4500;0.0;3375.68
PTWE35;2024.0;7.0;31;F3B;0.0;496.15
PTWE35;2024.0;7.0;31;F4B;0.0;1986.8
PTWE35;2024.0;7.0;31;FB;0.0;30.0
PTWE35;2024.0;7.0;31;M1;0.0;5015.36
PTWE35;2024.0;7.0;31;M2;0.0;4055.04
PTWE35;2024.0;7.0;31;M3;0.0;3978.48
PTWE35;2024.0;7.0;31;M8;0.0;8589.503999999999
PTWE35;2024.0;7.0;31;RM2400;0.0;2408.5
PTWE35;2024.0;7.0;31;RM4500;0.0;1517.12
PTWE35;2024.0;8.0;31;F3B;0.0;139.0
PTWE35;2024.0;8.0;31;F4B;0.0;1249.2
PTWE35;2024.0;8.0;31;FB;0.0;260.0
PTWE35;2024.0;8.0;31;M1;0.0;2684.88
PTWE35;2024.0;8.0;31;M2;0.0;3041.2799999999997
PTWE35;2024.0;8.0;31;M3;0.0;2290.64
PTWE35;2024.0;8.0;31;M8;0.0;3706.56
PTWE35;2024.0;8.0;31;RM2400;0.0;1327.0
PTWE35;2024.0;8.0;35;F3B;0.0;1426.55
PTWE35;2024.0;8.0;35;F4B;0.0;2577.0
PTWE35;2024.0;8.0;35;M1;0.0;12459.92
PTWE35;2024.0;8.0;35;M2;0.0;8932.0
PTWE35;2024.0;8.0;35;M3;0.0;8198.08
PTWE35;2024.0;8.0;35;M8;0.0;12500.4
PTWE35;2024.0;8.0;35;RM2400;0.0;3167.5
PTWE35;2024.0;8.0;35;RM4500;0.0;6195.2
PTWE35;2024.0;9.0;36;F3B;0.0;975.1
PTWE35;2024.0;9.0;36;F4B;0.0;2291.5
PTWE35;2024.0;9.0;36;FB;0.0;195.0
PTWE35;2024.0;9.0;36;M1;0.0;9978.8
PTWE35;2024.0;9.0;36;M2;0.0;8479.68
PTWE35;2024.0;9.0;36;M3;0.0;7270.56
PTWE35;2024.0;9.0;36;M8;0.0;10322.224
PTWE35;2024.0;9.0;36;RM2400;0.0;2302.5
PTWE35;2024.0;9.0;36;RM4500;0.0;8666.24
PTWE35;2024.0;9.0;37;F3B;0.0;1376.05
PTWE35;2024.0;9.0;37;F4B;0.0;2672.9
PTWE35;2024.0;9.0;37;FB;0.0;979.0
PTWE35;2024.0;9.0;37;M1;0.0;6457.04
PTWE35;2024.0;9.0;37;M2;0.0;8601.119999999999
PTWE35;2024.0;9.0;37;M3;0.0;7916.4800000000005
PTWE35;2024.0;9.0;37;M8;0.0;12527.416
PTWE35;2024.0;9.0;37;RM2400;0.0;2898.6
PTWE35;2024.0;9.0;37;RM4500;0.0;5906.5599999999995
PTWE35;2024.0;9.0;38;F3B;0.0;908.65
PTWE35;2024.0;9.0;38;F4B;0.0;2455.9
PTWE35;2024.0;9.0;38;M1;0.0;9865.68
PTWE35;2024.0;9.0;38;M2;0.0;8870.4
PTWE35;2024.0;9.0;38;M3;0.0;7956.96
PTWE35;2024.0;9.0;38;M8;0.0;10142.64
PTWE35;2024.0;9.0;38;RM2400;0.0;3370.0
PTWE35;2024.0;9.0;38;RM4500;0.0;7634.88
PTWE35;2024.0;9.0;39;F3B;0.0;697.55
PTWE35;2024.0;9.0;39;F4B;0.0;4212.0
PTWE35;2024.0;9.0;39;FB;0.0;136.0
PTWE35;2024.0;9.0;39;M1;0.0;10484.32
PTWE35;2024.0;9.0;39;M2;0.0;10010.88
PTWE35;2024.0;9.0;39;M3;0.0;10850.4
PTWE35;2024.0;9.0;39;M8;0.0;10171.568
PTWE35;2024.0;9.0;39;RM2400;0.0;4411.5
PTWE35;2024.0;9.0;39;RM4500;0.0;3914.24
PTWE35;2024.0;9.0;40;F3B;0.0;92.6
PTWE35;2024.0;9.0;40;F4B;0.0;823.85
PTWE35;2024.0;9.0;40;M1;0.0;1168.6399999999999
PTWE35;2024.0;9.0;40;M2;0.0;760.3199999999999
PTWE35;2024.0;9.0;40;M3;0.0;602.8
PTWE35;2024.0;9.0;40;M8;0.0;1261.92
PTWE35;2024.0;9.0;40;RM2400;0.0;555.0
PTWE35;2024.0;9.0;40;RM4500;0.0;816.64
PTWE35;2024.0;10.0;40;F3B;0.0;827.4
PTWE35;2024.0;10.0;40;F4B;0.0;4011.5
PTWE35;2024.0;10.0;40;FB;0.0;56.0
PTWE35;2024.0;10.0;40;M1;0.0;9133.52
PTWE35;2024.0;10.0;40;M2;0.0;11404.8
PTWE35;2024.0;10.0;40;M3;0.0;5425.2
PTWE35;2024.0;10.0;40;M8;0.0;11866.975999999999
PTWE35;2024.0;10.0;40;RM2400;0.0;2632.5
PTWE35;2024.0;10.0;40;RM4500;0.0;7254.72
PTWE35;2024.0;10.0;41;F3B;0.0;543.6
PTWE35;2024.0;10.0;41;F4B;0.0;3223.5
PTWE35;2024.0;10.0;41;M1;0.0;7096.32
PTWE35;2024.0;10.0;41;M2;0.0;7476.48
PTWE35;2024.0;10.0;41;M3;0.0;7354.16
PTWE35;2024.0;10.0;41;M8;0.0;7707.744
PTWE35;2024.0;10.0;41;RM2400;0.0;2572.5
PTWE35;2024.0;10.0;41;RM4500;0.0;5093.44
PTWE35;2024.0;10.0;42;F3B;0.0;707.25
PTWE35;2024.0;10.0;42;F4B;0.0;4202.55
PTWE35;2024.0;10.0;42;M1;0.0;7787.12
PTWE35;2024.0;10.0;42;M2;0.0;7729.92
PTWE35;2024.0;10.0;42;M3;0.0;8921.44
PTWE35;2024.0;10.0;42;M8;0.0;13792.24
PTWE35;2024.0;10.0;42;RM2400;0.0;2970.0
PTWE35;2024.0;10.0;42;RM4500;0.0;6997.76
PTWE35;2024.0;10.0;43;F3B;0.0;812.75
PTWE35;2024.0;10.0;43;F4B;0.0;3879.5
PTWE35;2024.0;10.0;43;M1;0.0;7256.2
PTWE35;2024.0;10.0;43;M2;0.0;6336.0
PTWE35;2024.0;10.0;43;M3;0.0;6992.4800000000005
PTWE35;2024.0;10.0;43;M8;0.0;4130.104
PTWE35;2024.0;10.0;43;RM2400;0.0;3425.0
PTWE35;2024.0;10.0;43;RM4500;0.0;3241.92
PTWE35;2024.0;10.0;44;M1;0.0;1908.32
PTWE35;2024.0;10.0;44;M2;0.0;1774.08
PTWE35;2024.0;10.0;44;M3;0.0;1446.72
PTWE35;2024.0;10.0;44;M8;0.0;2594.24
PTWE35;2024.0;10.0;44;RM4500;0.0;816.64
PTWE42 Andrézieux;2023.0;1.0;1;Rock6;19617.29;5052.0
PTWE42 Andrézieux;2023.0;1.0;1;SAT;19617.29;2096.8
PTWE42 Andrézieux;2023.0;1.0;2;Rock6;22966.02;10665.0
PTWE42 Andrézieux;2023.0;1.0;2;SAT;22966.02;3556.4
PTWE42 Andrézieux;2023.0;1.0;3;Rock6;20066.2;10468.0
PTWE42 Andrézieux;2023.0;1.0;3;SAT;20066.2;3473.6
PTWE42 Andrézieux;2023.0;1.0;4;Rock6;28095.760000000002;11602.0
PTWE42 Andrézieux;2023.0;1.0;4;SAT;28095.760000000002;3868.4
PTWE42 Andrézieux;2023.0;1.0;5;Rock6;4620.0;1753.0
PTWE42 Andrézieux;2023.0;1.0;5;SAT;4620.0;622.4
PTWE42 Andrézieux;2023.0;2.0;5;Rock6;11493.02;5960.0
PTWE42 Andrézieux;2023.0;2.0;5;SAT;11493.02;2091.8
PTWE42 Andrézieux;2023.0;2.0;6;Rock6;19032.09;7100.0
PTWE42 Andrézieux;2023.0;2.0;6;SAT;19032.09;3648.0
PTWE42 Andrézieux;2023.0;2.0;7;Rock6;21063.350000000002;9414.0
PTWE42 Andrézieux;2023.0;2.0;7;SAT;21063.350000000002;3502.0
PTWE42 Andrézieux;2023.0;2.0;8;Rock6;17772.370000000003;9711.0
PTWE42 Andrézieux;2023.0;2.0;8;SAT;17772.370000000003;3469.6
PTWE42 Andrézieux;2023.0;2.0;9;Rock6;6169.24;3437.0
PTWE42 Andrézieux;2023.0;2.0;9;SAT;6169.24;224.0
PTWE42 Andrézieux;2023.0;3.0;9;Rock6;10050.04;4672.0
PTWE42 Andrézieux;2023.0;3.0;10;Rock6;20925.52;9065.0
PTWE42 Andrézieux;2023.0;3.0;10;SAT;20925.52;1829.8
PTWE42 Andrézieux;2023.0;3.0;11;Rock6;26139.190000000002;11359.0
PTWE42 Andrézieux;2023.0;3.0;11;SAT;26139.190000000002;3060.4
PTWE42 Andrézieux;2023.0;3.0;12;Rock6;28269.01;11021.0
PTWE42 Andrézieux;2023.0;3.0;12;SAT;28269.01;3052.0
PTWE42 Andrézieux;2023.0;3.0;13;Rock6;26203.870000000003;10916.0
PTWE42 Andrézieux;2023.0;3.0;13;SAT;26203.870000000003;4853.2
PTWE42 Andrézieux;2023.0;4.0;13;Rock6;5255.25;2595.0
PTWE42 Andrézieux;2023.0;4.0;13;SAT;5255.25;573.0
PTWE42 Andrézieux;2023.0;4.0;14;Rock6;25120.48;12819.0
PTWE42 Andrézieux;2023.0;4.0;14;SAT;25120.48;2843.2
PTWE42 Andrézieux;2023.0;4.0;15;Rock6;20424.25;12202.0
PTWE42 Andrézieux;2023.0;4.0;15;SAT;20424.25;2616.4
PTWE42 Andrézieux;2023.0;4.0;16;Rock6;24952.62;13311.0
PTWE42 Andrézieux;2023.0;4.0;16;SAT;24952.62;3722.4
PTWE42 Andrézieux;2023.0;4.0;17;Rock6;27790.84;10849.0
PTWE42 Andrézieux;2023.0;4.0;17;SAT;27790.84;3971.6
PTWE42 Andrézieux;2023.0;5.0;18;Rock6;15043.490000000002;5101.0
PTWE42 Andrézieux;2023.0;5.0;18;SAT;15043.490000000002;2274.6
PTWE42 Andrézieux;2023.0;5.0;19;Rock6;17375.82;8945.0
PTWE42 Andrézieux;2023.0;5.0;19;SAT;17375.82;2971.0
PTWE42 Andrézieux;2023.0;5.0;20;Rock6;14368.2;7138.0
PTWE42 Andrézieux;2023.0;5.0;20;SAT;14368.2;1846.4
PTWE42 Andrézieux;2023.0;5.0;21;Rock6;21436.8;12517.0
PTWE42 Andrézieux;2023.0;5.0;21;SAT;21436.8;5362.6
PTWE42 Andrézieux;2023.0;5.0;22;Rock6;11700.92;3769.0
PTWE42 Andrézieux;2023.0;5.0;22;SAT;11700.92;1935.4
PTWE42 Andrézieux;2023.0;6.0;22;Rock6;12932.92;7684.0
PTWE42 Andrézieux;2023.0;6.0;22;SAT;12932.92;1451.6
PTWE42 Andrézieux;2023.0;6.0;23;Rock6;22524.04;10066.0
PTWE42 Andrézieux;2023.0;6.0;23;SAT;22524.04;2165.0
PTWE42 Andrézieux;2023.0;6.0;24;Rock6;24074.82;14104.0
PTWE42 Andrézieux;2023.0;6.0;24;SAT;24074.82;2645.2
PTWE42 Andrézieux;2023.0;6.0;25;Rock6;21145.74;13768.0
PTWE42 Andrézieux;2023.0;6.0;25;SAT;21145.74;5225.2
PTWE42 Andrézieux;2023.0;6.0;26;Rock6;22821.26;9542.0
PTWE42 Andrézieux;2023.0;6.0;26;SAT;22821.26;3116.2
PTWE42 Andrézieux;2023.0;7.0;27;Rock6;30028.46;16745.0
PTWE42 Andrézieux;2023.0;7.0;27;SAT;30028.46;4100.8
PTWE42 Andrézieux;2023.0;7.0;28;Rock6;18029.55;5690.0
PTWE42 Andrézieux;2023.0;7.0;28;SAT;18029.55;2217.2
PTWE42 Andrézieux;2023.0;7.0;29;Rock6;23466.52;11325.0
PTWE42 Andrézieux;2023.0;7.0;29;SAT;23466.52;3282.2
PTWE42 Andrézieux;2023.0;7.0;30;Rock6;20806.940000000002;10233.0
PTWE42 Andrézieux;2023.0;7.0;30;SAT;20806.940000000002;3655.2
PTWE42 Andrézieux;2023.0;7.0;31;Rock6;4218.83;2034.0
PTWE42 Andrézieux;2023.0;7.0;31;SAT;4218.83;434.6
PTWE42 Andrézieux;2023.0;8.0;31;Rock6;18834.64;11593.0
PTWE42 Andrézieux;2023.0;8.0;31;SAT;18834.64;1930.0
PTWE42 Andrézieux;2023.0;8.0;35;Rock6;14125.98;6594.0
PTWE42 Andrézieux;2023.0;8.0;35;SAT;14125.98;1180.0
PTWE42 Andrézieux;2023.0;9.0;35;Rock6;8545.2675;3270.0
PTWE42 Andrézieux;2023.0;9.0;35;SAT;8545.2675;1260.0
PTWE42 Andrézieux;2023.0;9.0;36;Rock6;17090.535;9875.0
PTWE42 Andrézieux;2023.0;9.0;36;SAT;17090.535;1994.0
PTWE42 Andrézieux;2023.0;9.0;37;Rock6;21363.16875;8717.0
PTWE42 Andrézieux;2023.0;9.0;37;SAT;21363.16875;2350.0
PTWE42 Andrézieux;2023.0;9.0;38;Rock6;21363.16875;8636.0
PTWE42 Andrézieux;2023.0;9.0;38;SAT;21363.16875;3568.8
PTWE42 Andrézieux;2023.0;9.0;39;Rock6;21776.37;10508.0
PTWE42 Andrézieux;2023.0;9.0;39;SAT;21776.37;3016.0
PTWE42 Andrézieux;2023.0;10.0;40;Rock6;25219.04;13937.0
PTWE42 Andrézieux;2023.0;10.0;40;SAT;25219.04;3945.0
PTWE42 Andrézieux;2023.0;10.0;41;Rock6;17475.15;5997.0
PTWE42 Andrézieux;2023.0;10.0;41;SAT;17475.15;2642.4
PTWE42 Andrézieux;2023.0;10.0;42;Rock6;20893.18;7189.0
PTWE42 Andrézieux;2023.0;10.0;42;SAT;20893.18;3669.6
PTWE42 Andrézieux;2023.0;10.0;43;Rock6;19075.21;14256.0
PTWE42 Andrézieux;2023.0;10.0;43;SAT;19075.21;3507.2
PTWE42 Andrézieux;2023.0;10.0;44;Rock6;6757.52;3394.0
PTWE42 Andrézieux;2023.0;10.0;44;SAT;6757.52;1026.8
PTWE42 Andrézieux;2023.0;11.0;44;Rock6;8169.7;3413.0
PTWE42 Andrézieux;2023.0;11.0;44;SAT;8169.7;810.0
PTWE42 Andrézieux;2023.0;11.0;45;Rock6;19346.25;8567.0
PTWE42 Andrézieux;2023.0;11.0;45;SAT;19346.25;3390.0
PTWE42 Andrézieux;2023.0;11.0;46;Rock6;22520.190000000002;9072.0
PTWE42 Andrézieux;2023.0;11.0;46;SAT;22520.190000000002;3596.4
PTWE42 Andrézieux;2023.0;11.0;47;Rock6;20466.600000000002;10260.0
PTWE42 Andrézieux;2023.0;11.0;47;SAT;20466.600000000002;4609.6
PTWE42 Andrézieux;2023.0;11.0;48;Rock6;16339.4;8063.0
PTWE42 Andrézieux;2023.0;11.0;48;SAT;16339.4;2287.0
PTWE42 Andrézieux;2023.0;12.0;48;Rock6;10085.460000000001;3820.0
PTWE42 Andrézieux;2023.0;12.0;48;SAT;10085.460000000001;989.8
PTWE42 Andrézieux;2023.0;12.0;49;Rock6;20170.920000000002;2632.0
PTWE42 Andrézieux;2023.0;12.0;49;SAT;20170.920000000002;1433.4
PTWE42 Andrézieux;2023.0;12.0;50;Rock6;25213.65;7609.0
PTWE42 Andrézieux;2023.0;12.0;50;SAT;25213.65;2478.4
PTWE42 Andrézieux;2023.0;12.0;51;Rock6;19521.04;8799.0
PTWE42 Andrézieux;2023.0;12.0;51;SAT;19521.04;2688.4
PTWE42 Andrézieux;2024.0;1.0;1;Rock6;14616.140000000001;7065.0
PTWE42 Andrézieux;2024.0;1.0;1;SAT;14616.140000000001;1024.6
PTWE42 Andrézieux;2024.0;1.0;2;Rock6;20897.800000000003;11621.0
PTWE42 Andrézieux;2024.0;1.0;2;SAT;20897.800000000003;1898.0
PTWE42 Andrézieux;2024.0;1.0;3;Rock6;21137.27;8494.0
PTWE42 Andrézieux;2024.0;1.0;3;SAT;21137.27;3145.2
PTWE42 Andrézieux;2024.0;1.0;4;Rock6;18123.49;6228.0
PTWE42 Andrézieux;2024.0;1.0;4;SAT;18123.49;3134.0
PTWE42 Andrézieux;2024.0;1.0;5;Rock6;15974.42;5672.0
PTWE42 Andrézieux;2024.0;1.0;5;SAT;15974.42;1714.8
PTWE42 Andrézieux;2024.0;2.0;5;Rock6;12664.19;5060.0
PTWE42 Andrézieux;2024.0;2.0;5;SAT;12664.19;1985.2
PTWE42 Andrézieux;2024.0;2.0;6;Rock6;21000.21;8659.0
PTWE42 Andrézieux;2024.0;2.0;6;SAT;21000.21;3068.0
PTWE42 Andrézieux;2024.0;2.0;7;Rock6;20997.13;8564.0
PTWE42 Andrézieux;2024.0;2.0;7;SAT;20997.13;3598.4
PTWE42 Andrézieux;2024.0;2.0;8;Rock6;17318.84;7966.0
PTWE42 Andrézieux;2024.0;2.0;8;SAT;17318.84;2824.8
PTWE42 Andrézieux;2024.0;2.0;9;Rock6;19157.6;9581.0
PTWE42 Andrézieux;2024.0;2.0;9;SAT;19157.6;2102.6
PTWE42 Andrézieux;2024.0;3.0;10;Rock6;25912.81;11106.0
PTWE42 Andrézieux;2024.0;3.0;10;SAT;25912.81;3370.8
PTWE42 Andrézieux;2024.0;3.0;11;Rock6;20872.39;7941.0
PTWE42 Andrézieux;2024.0;3.0;11;SAT;20872.39;2677.6
PTWE42 Andrézieux;2024.0;3.0;12;Rock6;21443.73;7392.0
PTWE42 Andrézieux;2024.0;3.0;12;SAT;21443.73;3360.0
PTWE42 Andrézieux;2024.0;3.0;13;Rock6;26167.68;11396.0
PTWE42 Andrézieux;2024.0;3.0;13;SAT;26167.68;3610.0
PTWE42 Andrézieux;2024.0;4.0;14;Rock6;22081.29;9300.0
PTWE42 Andrézieux;2024.0;4.0;14;SAT;22081.29;3510.0
PTWE42 Andrézieux;2024.0;4.0;15;Rock6;20342.63;6277.0
PTWE42 Andrézieux;2024.0;4.0;15;SAT;20342.63;2641.2
PTWE42 Andrézieux;2024.0;4.0;16;Rock6;21509.95;8836.0
PTWE42 Andrézieux;2024.0;4.0;16;SAT;21509.95;3165.4
PTWE42 Andrézieux;2024.0;4.0;17;Rock6;20790.0;6461.0
PTWE42 Andrézieux;2024.0;4.0;17;SAT;20790.0;2740.2
PTWE42 Andrézieux;2024.0;4.0;18;Rock6;0.0;2751.0
PTWE42 Andrézieux;2024.0;4.0;18;SAT;0.0;1200.6
PTWE42 Andrézieux;2024.0;5.0;18;Rock6;17442.81;4407.0
PTWE42 Andrézieux;2024.0;5.0;18;SAT;17442.81;1929.2
PTWE42 Andrézieux;2024.0;5.0;19;Rock6;5814.27;1092.0
PTWE42 Andrézieux;2024.0;5.0;19;SAT;5814.27;740.8
PTWE42 Andrézieux;2024.0;5.0;20;Rock6;29071.350000000002;9826.0
PTWE42 Andrézieux;2024.0;5.0;20;SAT;29071.350000000002;3477.4
PTWE42 Andrézieux;2024.0;5.0;21;Rock6;23257.08;10935.0
PTWE42 Andrézieux;2024.0;5.0;21;SAT;23257.08;2550.0
PTWE42 Andrézieux;2024.0;5.0;22;Rock6;29071.350000000002;12762.0
PTWE42 Andrézieux;2024.0;5.0;22;SAT;29071.350000000002;3309.2
PTWE42 Andrézieux;2024.0;6.0;22;Rock6;4620.0;1896.0
PTWE42 Andrézieux;2024.0;6.0;22;SAT;4620.0;1227.2
PTWE42 Andrézieux;2024.0;6.0;23;Rock6;26336.31;10914.0
PTWE42 Andrézieux;2024.0;6.0;23;SAT;26336.31;3761.6
PTWE42 Andrézieux;2024.0;6.0;24;Rock6;22258.39;8062.0
PTWE42 Andrézieux;2024.0;6.0;24;SAT;22258.39;3742.6
PTWE42 Andrézieux;2024.0;6.0;25;Rock6;22666.49;9135.0
PTWE42 Andrézieux;2024.0;6.0;25;SAT;22666.49;3271.0
PTWE42 Andrézieux;2024.0;6.0;26;Rock6;19843.670000000002;7806.0
PTWE42 Andrézieux;2024.0;6.0;26;SAT;19843.670000000002;2941.0
PTWE42 Andrézieux;2024.0;7.0;27;Rock6;16829.89;4147.0
PTWE42 Andrézieux;2024.0;7.0;27;SAT;16829.89;3844.0
PTWE42 Andrézieux;2024.0;7.0;28;Rock6;16645.86;4339.0
PTWE42 Andrézieux;2024.0;7.0;28;SAT;16645.86;2801.0
PTWE42 Andrézieux;2024.0;7.0;29;Rock6;19894.489999999998;4940.0
PTWE42 Andrézieux;2024.0;7.0;29;SAT;19894.489999999998;2905.8
PTWE42 Andrézieux;2024.0;7.0;30;Rock6;14712.39;5695.0
PTWE42 Andrézieux;2024.0;7.0;30;SAT;14712.39;3793.6
PTWE42 Andrézieux;2024.0;7.0;31;Rock6;4514.51;689.0
PTWE42 Andrézieux;2024.0;7.0;31;SAT;4514.51;1455.2
PTWE42 Andrézieux;2024.0;8.0;31;SAT;3264.8;929.6
PTWE42 Andrézieux;2024.0;8.0;35;Rock6;15989.05;6221.0
PTWE42 Andrézieux;2024.0;8.0;35;SAT;15989.05;1920.8
PTWE42 Andrézieux;2024.0;9.0;36;Rock6;18029.55;4351.0
PTWE42 Andrézieux;2024.0;9.0;36;SAT;18029.55;2463.0
PTWE42 Andrézieux;2024.0;9.0;37;Rock6;17208.73;4344.0
PTWE42 Andrézieux;2024.0;9.0;37;SAT;17208.73;2873.0
PTWE42 Andrézieux;2024.0;9.0;38;Rock6;16313.220000000001;7043.0
PTWE42 Andrézieux;2024.0;9.0;38;SAT;16313.220000000001;2081.0
PTWE42 Andrézieux;2024.0;9.0;39;Rock6;21681.66;7832.0
PTWE42 Andrézieux;2024.0;9.0;39;SAT;21681.66;2770.0
PTWE42 Andrézieux;2024.0;9.0;40;Rock6;4251.17;1355.0
PTWE42 Andrézieux;2024.0;9.0;40;SAT;4251.17;562.4
PTWE42 Andrézieux;2024.0;10.0;40;Rock6;15083.53;7236.0
PTWE42 Andrézieux;2024.0;10.0;40;SAT;15083.53;2637.6
PTWE42 Andrézieux;2024.0;10.0;41;Rock6;18522.350000000002;10586.0
PTWE42 Andrézieux;2024.0;10.0;41;SAT;18522.350000000002;1936.0
PTWE42 Andrézieux;2024.0;10.0;42;Rock6;16763.670000000002;6125.0
PTWE42 Andrézieux;2024.0;10.0;42;SAT;16763.670000000002;2248.4
PTWE42 Andrézieux;2024.0;10.0;43;Rock6;12835.130000000001;3368.0
PTWE42 Andrézieux;2024.0;10.0;43;SAT;12835.130000000001;1855.6
PTWE42 Andrézieux;2024.0;10.0;44;Rock6;9776.69;554.0
PTWE42 Andrézieux;2024.0;10.0;44;SAT;9776.69;358.8
PTWE49;2023.0;1.0;1;R1;0.0;2049.52
PTWE49;2023.0;1.0;1;R2;0.0;1393.92
PTWE49;2023.0;1.0;1;R3;0.0;2750.088
PTWE49;2023.0;1.0;1;R4;0.0;2423.52
PTWE49;2023.0;1.0;2;R1;0.0;5063.52
PTWE49;2023.0;1.0;2;R2;0.0;5955.84
PTWE49;2023.0;1.0;2;R3;0.0;8535.296
PTWE49;2023.0;1.0;2;R4;0.0;8553.6
PTWE49;2023.0;1.0;3;R1;0.0;5907.4400000000005
PTWE49;2023.0;1.0;3;R2;0.0;7603.2
PTWE49;2023.0;1.0;3;R3;0.0;10342.992
PTWE49;2023.0;1.0;3;R4;0.0;8594.08
PTWE49;2023.0;1.0;4;R1;0.0;7715.84
PTWE49;2023.0;1.0;4;R2;0.0;8616.96
PTWE49;2023.0;1.0;4;R3;0.0;8865.384
PTWE49;2023.0;1.0;4;R4;0.0;8935.52
PTWE49;2023.0;1.0;5;R1;0.0;2411.2
PTWE49;2023.0;1.0;5;R4;0.0;1795.2
PTWE49;2023.0;2.0;5;R1;0.0;2531.7599999999998
PTWE49;2023.0;2.0;5;R2;0.0;5322.24
PTWE49;2023.0;2.0;5;R3;0.0;2644.048
PTWE49;2023.0;2.0;5;R4;0.0;5873.12
PTWE49;2023.0;2.0;6;R1;0.0;10127.04
PTWE49;2023.0;2.0;6;R2;0.0;7476.48
PTWE49;2023.0;2.0;6;R3;0.0;4453.24
PTWE49;2023.0;2.0;6;R4;0.0;10454.400000000001
PTWE49;2023.0;2.0;7;R1;0.0;10247.6
PTWE49;2023.0;2.0;7;R2;0.0;2661.12
PTWE49;2023.0;2.0;7;R3;0.0;9820.624
PTWE49;2023.0;2.0;7;R4;0.0;10090.08
PTWE49;2023.0;2.0;8;R1;0.0;4942.96
PTWE49;2023.0;2.0;8;R2;0.0;9757.439999999999
PTWE49;2023.0;2.0;8;R3;0.0;6530.4800000000005
PTWE49;2023.0;2.0;8;R4;0.0;9500.48
PTWE49;2023.0;2.0;9;R1;0.0;2411.2
PTWE49;2023.0;2.0;9;R2;0.0;2534.4
PTWE49;2023.0;2.0;9;R3;0.0;3750.12
PTWE49;2023.0;2.0;9;R4;0.0;2567.84
PTWE49;2023.0;3.0;9;R1;0.0;1567.28
PTWE49;2023.0;3.0;9;R2;0.0;1774.08
PTWE49;2023.0;3.0;9;R3;0.0;3550.008
PTWE49;2023.0;3.0;9;R4;0.0;4727.36
PTWE49;2023.0;3.0;10;R1;0.0;7354.16
PTWE49;2023.0;3.0;10;R2;0.0;10391.04
PTWE49;2023.0;3.0;10;R3;0.0;7759.4
PTWE49;2023.0;3.0;10;R4;0.0;7874.24
PTWE49;2023.0;3.0;11;R1;0.0;10006.48
PTWE49;2023.0;3.0;11;R2;0.0;9757.439999999999
PTWE49;2023.0;3.0;11;R3;0.0;7480.0
PTWE49;2023.0;3.0;11;R4;0.0;6272.639999999999
PTWE49;2023.0;3.0;12;R1;0.0;9765.36
PTWE49;2023.0;3.0;12;R2;0.0;8490.24
PTWE49;2023.0;3.0;12;R3;0.0;7893.6
PTWE49;2023.0;3.0;12;R4;0.0;6198.719999999999
PTWE49;2023.0;3.0;13;R1;0.0;6751.36
PTWE49;2023.0;3.0;13;R2;0.0;6969.599999999999
PTWE49;2023.0;3.0;13;R3;0.0;8285.552
PTWE49;2023.0;3.0;13;R4;0.0;6642.24
PTWE49;2023.0;4.0;13;R1;0.0;1687.84
PTWE49;2023.0;4.0;13;R2;0.0;887.04
PTWE49;2023.0;4.0;13;R3;0.0;1500.048
PTWE49;2023.0;4.0;13;R4;0.0;2059.2
PTWE49;2023.0;4.0;14;R1;0.0;3737.3599999999997
PTWE49;2023.0;4.0;14;R2;0.0;4308.48
PTWE49;2023.0;4.0;14;R3;0.0;5050.0560000000005
PTWE49;2023.0;4.0;14;R4;0.0;7950.8
PTWE49;2023.0;4.0;15;R1;0.0;5786.88
PTWE49;2023.0;4.0;15;R2;0.0;5575.68
PTWE49;2023.0;4.0;15;R3;0.0;8388.072
PTWE49;2023.0;4.0;15;R4;0.0;5737.599999999999
PTWE49;2023.0;4.0;16;R1;0.0;4581.28
PTWE49;2023.0;4.0;16;R2;0.0;9377.279999999999
PTWE49;2023.0;4.0;16;R3;0.0;6500.2080000000005
PTWE49;2023.0;4.0;16;R4;0.0;9071.04
PTWE49;2023.0;4.0;17;R1;0.0;7474.719999999999
PTWE49;2023.0;4.0;17;R2;0.0;7096.32
PTWE49;2023.0;4.0;17;R3;0.0;8470.44
PTWE49;2023.0;4.0;17;R4;0.0;8493.76
PTWE49;2023.0;5.0;18;R1;0.0;5786.879999999999
PTWE49;2023.0;5.0;18;R2;0.0;5195.52
PTWE49;2023.0;5.0;18;R3;0.0;6300.096
PTWE49;2023.0;5.0;18;R4;0.0;6184.64
PTWE49;2023.0;5.0;19;R1;0.0;6751.36
PTWE49;2023.0;5.0;19;R2;0.0;7856.639999999999
PTWE49;2023.0;5.0;19;R3;0.0;8225.184
PTWE49;2023.0;5.0;19;R4;0.0;8451.52
PTWE49;2023.0;5.0;20;R1;0.0;6269.12
PTWE49;2023.0;5.0;20;R2;0.0;5322.24
PTWE49;2023.0;5.0;20;R3;0.0;5130.488
PTWE49;2023.0;5.0;20;R4;0.0;5709.4400000000005
PTWE49;2023.0;5.0;21;R1;0.0;8559.76
PTWE49;2023.0;5.0;21;R2;0.0;11531.52
PTWE49;2023.0;5.0;21;R3;0.0;9310.84
PTWE49;2023.0;5.0;21;R4;0.0;8842.24
PTWE49;2023.0;5.0;22;R1;0.0;4058.56
PTWE49;2023.0;5.0;22;R2;0.0;1774.08
PTWE49;2023.0;5.0;22;R3;0.0;3750.12
PTWE49;2023.0;5.0;22;R4;0.0;3555.2
PTWE49;2023.0;6.0;22;R1;0.0;7767.76
PTWE49;2023.0;6.0;22;R3;0.0;5250.168
PTWE49;2023.0;6.0;22;R4;0.0;5808.0
PTWE49;2023.0;6.0;23;R1;0.0;6630.799999999999
PTWE49;2023.0;6.0;23;R2;0.0;6462.719999999999
PTWE49;2023.0;6.0;23;R3;0.0;4500.144
PTWE49;2023.0;6.0;23;R4;0.0;8351.199999999999
PTWE49;2023.0;6.0;24;R1;0.0;9042.0
PTWE49;2023.0;6.0;24;R2;0.0;9250.56
PTWE49;2023.0;6.0;24;R3;0.0;9586.544
PTWE49;2023.0;6.0;24;R4;0.0;11286.88
PTWE49;2023.0;6.0;25;R1;0.0;15891.039999999999
PTWE49;2023.0;6.0;25;R2;0.0;253.44
PTWE49;2023.0;6.0;25;R3;0.0;9025.632
PTWE49;2023.0;6.0;25;R4;0.0;9891.2
PTWE49;2023.0;6.0;26;R1;0.0;13884.64
PTWE49;2023.0;6.0;26;R3;0.0;6300.096
PTWE49;2023.0;6.0;26;R4;0.0;8472.64
PTWE49;2023.0;7.0;27;R1;0.0;12009.36
PTWE49;2023.0;7.0;27;R2;0.0;10137.6
PTWE49;2023.0;7.0;27;R3;0.0;7980.72
PTWE49;2023.0;7.0;27;R4;0.0;12328.8
PTWE49;2023.0;7.0;28;R1;0.0;6389.679999999999
PTWE49;2023.0;7.0;28;R2;0.0;6842.88
PTWE49;2023.0;7.0;28;R3;0.0;6200.48
PTWE49;2023.0;7.0;28;R4;0.0;4917.44
PTWE49;2023.0;7.0;29;R1;0.0;7956.96
PTWE49;2023.0;7.0;29;R2;0.0;9504.0
PTWE49;2023.0;7.0;29;R3;0.0;8840.568
PTWE49;2023.0;7.0;29;R4;0.0;10809.92
PTWE49;2023.0;7.0;30;R1;0.0;4460.719999999999
PTWE49;2023.0;7.0;30;R2;0.0;3928.32
PTWE49;2023.0;7.0;30;R3;0.0;8576.744
PTWE49;2023.0;7.0;30;R4;0.0;9834.88
PTWE49;2023.0;7.0;31;R1;0.0;843.92
PTWE49;2023.0;7.0;31;R2;0.0;887.04
PTWE49;2023.0;7.0;31;R3;0.0;2790.216
PTWE49;2023.0;7.0;31;R4;0.0;2244.0
PTWE49;2023.0;8.0;31;R1;0.0;2049.52
PTWE49;2023.0;8.0;31;R2;0.0;2407.68
PTWE49;2023.0;8.0;31;R3;0.0;5866.872
PTWE49;2023.0;8.0;31;R4;0.0;6607.04
PTWE49;2023.0;8.0;35;R1;0.0;3375.68
PTWE49;2023.0;8.0;35;R2;0.0;4181.76
PTWE49;2023.0;8.0;35;R3;0.0;5684.8
PTWE49;2023.0;8.0;35;R4;0.0;4419.36
PTWE49;2023.0;9.0;35;R1;0.0;3375.68
PTWE49;2023.0;9.0;35;R2;0.0;2661.12
PTWE49;2023.0;9.0;35;R3;0.0;1496.0
PTWE49;2023.0;9.0;35;R4;0.0;4276.799999999999
PTWE49;2023.0;9.0;36;R1;0.0;4942.96
PTWE49;2023.0;9.0;36;R2;0.0;5322.24
PTWE49;2023.0;9.0;36;R3;0.0;3844.456
PTWE49;2023.0;9.0;36;R4;0.0;7270.5599999999995
PTWE49;2023.0;9.0;37;R1;0.0;5786.88
PTWE49;2023.0;9.0;37;R2;0.0;4561.92
PTWE49;2023.0;9.0;37;R3;0.0;10699.304
PTWE49;2023.0;9.0;37;R4;0.0;7788.0
PTWE49;2023.0;9.0;38;R1;0.0;5545.76
PTWE49;2023.0;9.0;38;R2;0.0;7983.36
PTWE49;2023.0;9.0;38;R3;0.0;8705.312
PTWE49;2023.0;9.0;38;R4;0.0;13090.88
PTWE49;2023.0;9.0;39;R1;0.0;9644.8
PTWE49;2023.0;9.0;39;R2;0.0;9504.0
PTWE49;2023.0;9.0;39;R3;0.0;7275.576
PTWE49;2023.0;9.0;39;R4;0.0;4970.24
PTWE49;2023.0;10.0;40;R1;0.0;12538.24
PTWE49;2023.0;10.0;40;R2;0.0;13178.88
PTWE49;2023.0;10.0;40;R3;0.0;7110.576
PTWE49;2023.0;10.0;40;R4;0.0;4338.4
PTWE49;2023.0;10.0;41;R1;0.0;4219.599999999999
PTWE49;2023.0;10.0;41;R2;0.0;3928.3199999999997
PTWE49;2023.0;10.0;41;R3;0.0;4521.088
PTWE49;2023.0;10.0;41;R4;0.0;6406.4
PTWE49;2023.0;10.0;42;R1;0.0;9403.68
PTWE49;2023.0;10.0;42;R2;0.0;7729.92
PTWE49;2023.0;10.0;42;R3;0.0;6644.7919999999995
PTWE49;2023.0;10.0;42;R4;0.0;9363.199999999999
PTWE49;2023.0;10.0;43;R1;0.0;7233.599999999999
PTWE49;2023.0;10.0;43;R2;0.0;8236.8
PTWE49;2023.0;10.0;43;R3;0.0;8321.104
PTWE49;2023.0;10.0;43;R4;0.0;6556.0
PTWE49;2023.0;10.0;44;R1;0.0;723.36
PTWE49;2023.0;10.0;44;R2;0.0;1647.3600000000001
PTWE49;2023.0;10.0;44;R3;0.0;2475.0
PTWE49;2023.0;10.0;44;R4;0.0;1601.6
PTWE49;2023.0;11.0;44;R1;0.0;482.24
PTWE49;2023.0;11.0;44;R2;0.0;2534.4
PTWE49;2023.0;11.0;44;R3;0.0;2580.072
PTWE49;2023.0;11.0;44;R4;0.0;3523.52
PTWE49;2023.0;11.0;45;R1;0.0;6510.24
PTWE49;2023.0;11.0;45;R2;0.0;7856.639999999999
PTWE49;2023.0;11.0;45;R3;0.0;8720.448
PTWE49;2023.0;11.0;45;R4;0.0;8859.84
PTWE49;2023.0;11.0;46;R1;0.0;3978.48
PTWE49;2023.0;11.0;46;R2;0.0;4308.48
PTWE49;2023.0;11.0;46;R3;0.0;8489.096
PTWE49;2023.0;11.0;46;R4;0.0;8374.08
PTWE49;2023.0;11.0;47;R1;0.0;3616.7999999999997
PTWE49;2023.0;11.0;47;R2;0.0;2407.68
PTWE49;2023.0;11.0;47;R3;0.0;4086.8959999999997
PTWE49;2023.0;11.0;47;R4;0.0;5764.0
PTWE49;2023.0;11.0;48;R1;0.0;2772.88
PTWE49;2023.0;11.0;48;R2;0.0;2661.12
PTWE49;2023.0;11.0;48;R3;0.0;5220.336
PTWE49;2023.0;11.0;48;R4;0.0;5508.8
PTWE49;2023.0;12.0;48;R2;0.0;887.04
PTWE49;2023.0;12.0;48;R3;0.0;2785.024
PTWE49;2023.0;12.0;48;R4;0.0;2992.0
PTWE49;2023.0;12.0;49;R1;0.0;2772.88
PTWE49;2023.0;12.0;49;R2;0.0;1393.92
PTWE49;2023.0;12.0;49;R3;0.0;7753.24
PTWE49;2023.0;12.0;49;R4;0.0;7981.599999999999
PTWE49;2023.0;12.0;50;R1;0.0;3255.12
PTWE49;2023.0;12.0;50;R2;0.0;3421.44
PTWE49;2023.0;12.0;50;R3;0.0;8006.416
PTWE49;2023.0;12.0;50;R4;0.0;9704.64
PTWE49;2023.0;12.0;51;R1;0.0;2531.7599999999998
PTWE49;2023.0;12.0;51;R2;0.0;1774.08
PTWE49;2023.0;12.0;51;R3;0.0;6080.624
PTWE49;2023.0;12.0;51;R4;0.0;6200.48
PTWE49;2024.0;1.0;1;R1;0.0;4219.599999999999
PTWE49;2024.0;1.0;1;R2;0.0;2661.12
PTWE49;2024.0;1.0;1;R3;0.0;2030.336
PTWE49;2024.0;1.0;1;R4;0.0;6857.84
PTWE49;2024.0;1.0;2;R1;0.0;4099.04
PTWE49;2024.0;1.0;2;R2;0.0;5195.5199999999995
PTWE49;2024.0;1.0;2;R3;0.0;7233.248
PTWE49;2024.0;1.0;2;R4;0.0;3669.6
PTWE49;2024.0;1.0;3;R1;0.0;5063.5199999999995
PTWE49;2024.0;1.0;3;R2;0.0;8743.68
PTWE49;2024.0;1.0;3;R3;0.0;7599.24
PTWE49;2024.0;1.0;3;R4;0.0;6079.04
PTWE49;2024.0;1.0;4;R1;0.0;6630.799999999999
PTWE49;2024.0;1.0;4;R2;0.0;7856.639999999999
PTWE49;2024.0;1.0;4;R3;0.0;2790.216
PTWE49;2024.0;1.0;4;R4;0.0;5579.2
PTWE49;2024.0;1.0;5;R1;0.0;3255.12
PTWE49;2024.0;1.0;5;R2;0.0;3548.16
PTWE49;2024.0;1.0;5;R3;0.0;1755.0720000000001
PTWE49;2024.0;1.0;5;R4;0.0;2772.0
PTWE49;2024.0;2.0;5;R1;0.0;5063.5199999999995
PTWE49;2024.0;2.0;5;R2;0.0;4942.08
PTWE49;2024.0;2.0;5;R3;0.0;2475.0
PTWE49;2024.0;2.0;5;R4;0.0;4488.0
PTWE49;2024.0;2.0;6;R1;0.0;2531.7599999999998
PTWE49;2024.0;2.0;6;R2;0.0;2661.12
PTWE49;2024.0;2.0;6;R3;0.0;5250.168
PTWE49;2024.0;2.0;6;R4;0.0;6343.04
PTWE49;2024.0;2.0;7;R1;0.0;5304.639999999999
PTWE49;2024.0;2.0;7;R2;0.0;4942.08
PTWE49;2024.0;2.0;7;R3;0.0;4325.024
PTWE49;2024.0;2.0;7;R4;0.0;6292.0
PTWE49;2024.0;2.0;8;R1;0.0;4460.72
PTWE49;2024.0;2.0;8;R2;0.0;3928.32
PTWE49;2024.0;2.0;8;R3;0.0;5160.408
PTWE49;2024.0;2.0;8;R4;0.0;2764.96
PTWE49;2024.0;2.0;9;R1;0.0;4822.4
PTWE49;2024.0;2.0;9;R2;0.0;6716.16
PTWE49;2024.0;2.0;9;R3;0.0;5730.648
PTWE49;2024.0;3.0;10;R1;0.0;6510.24
PTWE49;2024.0;3.0;10;R2;0.0;6589.4400000000005
PTWE49;2024.0;3.0;10;R3;0.0;2746.04
PTWE49;2024.0;3.0;10;R4;0.0;1460.8
PTWE49;2024.0;3.0;11;R1;0.0;7233.599999999999
PTWE49;2024.0;3.0;11;R2;0.0;7349.76
PTWE49;2024.0;3.0;11;R3;0.0;2244.0
PTWE49;2024.0;3.0;11;R4;0.0;2423.52
PTWE49;2024.0;3.0;12;R1;0.0;12417.68
PTWE49;2024.0;3.0;12;R2;0.0;12165.119999999999
PTWE49;2024.0;3.0;12;R3;0.0;5430.216
PTWE49;2024.0;3.0;12;R4;0.0;4347.2
PTWE49;2024.0;3.0;13;R1;0.0;11453.199999999999
PTWE49;2024.0;3.0;13;R2;0.0;12291.84
PTWE49;2024.0;3.0;13;R3;0.0;8670.288
PTWE49;2024.0;3.0;13;R4;0.0;3704.8
PTWE49;2024.0;4.0;14;R1;0.0;9283.119999999999
PTWE49;2024.0;4.0;14;R2;0.0;9504.0
PTWE49;2024.0;4.0;14;R3;0.0;5790.312
PTWE49;2024.0;4.0;14;R4;0.0;7432.48
PTWE49;2024.0;4.0;15;R1;0.0;8198.08
PTWE49;2024.0;4.0;15;R2;0.0;8363.52
PTWE49;2024.0;4.0;15;R3;0.0;4540.624
PTWE49;2024.0;4.0;15;R4;0.0;7267.04
PTWE49;2024.0;4.0;16;R1;0.0;9801.0
PTWE49;2024.0;4.0;16;R2;0.0;10668.0
PTWE49;2024.0;4.0;16;R3;0.0;5220.0
PTWE49;2024.0;4.0;16;R4;0.0;6069.0
PTWE49;2024.0;4.0;17;R1;0.0;8712.0
PTWE49;2024.0;4.0;17;R2;0.0;9398.0
PTWE49;2024.0;4.0;17;R3;0.0;5110.0
PTWE49;2024.0;4.0;17;R4;0.0;4737.0
PTWE49;2024.0;4.0;18;R1;0.0;2541.0
PTWE49;2024.0;4.0;18;R2;0.0;2413.0
PTWE49;2024.0;4.0;18;R3;0.0;2200.0
PTWE49;2024.0;4.0;18;R4;0.0;1287.0
PTWE49;2024.0;5.0;18;R1;0.0;2299.0
PTWE49;2024.0;5.0;18;R2;0.0;1778.0
PTWE49;2024.0;5.0;18;R3;0.0;4125.0
PTWE49;2024.0;5.0;18;R4;0.0;1144.0
PTWE49;2024.0;5.0;19;R1;0.0;847.0
PTWE49;2024.0;5.0;19;R2;0.0;889.0
PTWE49;2024.0;5.0;19;R3;0.0;825.0
PTWE49;2024.0;5.0;19;R4;0.0;1287.0
PTWE49;2024.0;5.0;20;R1;0.0;5687.0
PTWE49;2024.0;5.0;20;R2;0.0;7620.0
PTWE49;2024.0;5.0;20;R3;0.0;4575.0
PTWE49;2024.0;5.0;20;R4;0.0;3150.0
PTWE49;2024.0;5.0;21;R1;0.0;4961.0
PTWE49;2024.0;5.0;21;R2;0.0;7112.0
PTWE49;2024.0;5.0;21;R3;0.0;4960.0
PTWE49;2024.0;5.0;21;R4;0.0;3931.0
PTWE49;2024.0;5.0;22;R1;0.0;7260.0
PTWE49;2024.0;5.0;22;R2;0.0;6604.0
PTWE49;2024.0;5.0;22;R3;0.0;4750.0
PTWE49;2024.0;5.0;22;R4;0.0;6327.0
PTWE49;2024.0;6.0;22;R1;0.0;605.0
PTWE49;2024.0;6.0;22;R2;0.0;1524.0
PTWE49;2024.0;6.0;22;R3;0.0;825.0
PTWE49;2024.0;6.0;22;R4;0.0;1350.0
PTWE49;2024.0;6.0;23;R1;0.0;5808.0
PTWE49;2024.0;6.0;23;R2;0.0;4064.0
PTWE49;2024.0;6.0;23;R3;0.0;5300.0
PTWE49;2024.0;6.0;23;R4;0.0;5250.0
PTWE49;2024.0;6.0;24;R1;0.0;8228.0
PTWE49;2024.0;6.0;24;R2;0.0;8509.0
PTWE49;2024.0;6.0;24;R3;0.0;5610.0
PTWE49;2024.0;6.0;24;R4;0.0;5148.0
PTWE49;2024.0;6.0;25;R1;0.0;7381.0
PTWE49;2024.0;6.0;25;R2;0.0;6985.0
PTWE49;2024.0;6.0;25;R3;0.0;4500.0
PTWE49;2024.0;6.0;25;R4;0.0;6645.0
PTWE49;2024.0;6.0;26;R1;0.0;4477.0
PTWE49;2024.0;6.0;26;R2;0.0;6858.0
PTWE49;2024.0;6.0;26;R3;0.0;7650.0
PTWE49;2024.0;6.0;26;R4;0.0;7175.0
PTWE49;2024.0;7.0;27;R1;0.0;5808.0
PTWE49;2024.0;7.0;27;R2;0.0;6604.0
PTWE49;2024.0;7.0;27;R3;0.0;8880.0
PTWE49;2024.0;7.0;27;R4;0.0;7067.0
PTWE49;2024.0;7.0;28;R1;0.0;4719.0
PTWE49;2024.0;7.0;28;R2;0.0;6350.0
PTWE49;2024.0;7.0;28;R3;0.0;5150.0
PTWE49;2024.0;7.0;28;R4;0.0;3610.0
PTWE49;2024.0;7.0;29;R1;0.0;7502.0
PTWE49;2024.0;7.0;29;R2;0.0;7874.0
PTWE49;2024.0;7.0;29;R3;0.0;3500.0
PTWE49;2024.0;7.0;29;R4;0.0;6160.0
PTWE49;2024.0;7.0;30;R1;0.0;9680.0
PTWE49;2024.0;7.0;30;R2;0.0;8001.0
PTWE49;2024.0;7.0;30;R3;0.0;2050.0
PTWE49;2024.0;7.0;30;R4;0.0;6167.0
PTWE49;2024.0;7.0;31;R1;0.0;2299.0
PTWE49;2024.0;7.0;31;R2;0.0;2413.0
PTWE49;2024.0;7.0;31;R3;0.0;6850.0
PTWE49;2024.0;7.0;31;R4;0.0;3146.0
PTWE49;2024.0;8.0;31;R2;0.0;254.0
PTWE49;2024.0;8.0;31;R3;0.0;2750.0
PTWE49;2024.0;8.0;31;R4;0.0;2222.0
PTWE49;2024.0;8.0;35;R1;0.0;7744.0
PTWE49;2024.0;8.0;35;R2;0.0;6985.0
PTWE49;2024.0;8.0;35;R3;0.0;9085.0
PTWE49;2024.0;8.0;35;R4;0.0;7646.0
PTWE49;2024.0;9.0;36;R1;0.0;6013.0
PTWE49;2024.0;9.0;36;R2;0.0;6054.0
PTWE49;2024.0;9.0;36;R3;0.0;5440.0
PTWE49;2024.0;9.0;36;R4;0.0;5075.0
PTWE49;2024.0;9.0;37;R1;0.0;8763.0
PTWE49;2024.0;9.0;37;R2;0.0;10648.0
PTWE49;2024.0;9.0;37;R3;0.0;4780.0
PTWE49;2024.0;9.0;37;R4;0.0;4465.0
PTWE49;2024.0;9.0;38;R1;0.0;8636.0
PTWE49;2024.0;9.0;38;R2;0.0;7986.0
PTWE49;2024.0;9.0;38;R4;0.0;8040.0
PTWE49;2024.0;9.0;39;R1;0.0;4699.0
PTWE49;2024.0;9.0;39;R2;0.0;8712.0
PTWE49;2024.0;9.0;39;R3;0.0;4250.0
PTWE49;2024.0;9.0;39;R4;0.0;2323.0
PTWE49;2024.0;9.0;40;R1;0.0;1778.0
PTWE49;2024.0;9.0;40;R2;0.0;1694.0
PTWE49;2024.0;9.0;40;R4;0.0;750.0
PTWE49;2024.0;10.0;40;R1;0.0;4826.0
PTWE49;2024.0;10.0;40;R2;0.0;5566.0
PTWE49;2024.0;10.0;40;R3;0.0;5050.0
PTWE49;2024.0;10.0;40;R4;0.0;3872.0
PTWE49;2024.0;10.0;41;R1;0.0;4445.0
PTWE49;2024.0;10.0;41;R2;0.0;7744.0
PTWE49;2024.0;10.0;41;R3;0.0;8190.0
PTWE49;2024.0;10.0;41;R4;0.0;4840.0
PTWE49;2024.0;10.0;42;R1;0.0;9144.0
PTWE49;2024.0;10.0;42;R2;0.0;8591.0
PTWE49;2024.0;10.0;42;R3;0.0;8340.0
PTWE49;2024.0;10.0;42;R4;0.0;7548.0
PTWE49;2024.0;10.0;43;R1;0.0;5461.0
PTWE49;2024.0;10.0;43;R2;0.0;5324.0
PTWE49;2024.0;10.0;43;R3;0.0;4500.0
PTWE49;2024.0;10.0;43;R4;0.0;5365.0
PTWE89;2023.0;1.0;1;PRM3200;14996.960000000001;801.7
PTWE89;2023.0;1.0;1;SRM5000;14996.960000000001;4410.0
PTWE89;2023.0;1.0;2;PRM3200;15829.44;613.1
PTWE89;2023.0;1.0;3;PRM3200;16595.04;614.9
PTWE89;2023.0;1.0;4;PRM3200;14360.720000000001;504.1
PTWE89;2023.0;1.0;4;SRM5000;14360.720000000001;13236.0
PTWE89;2023.0;2.0;5;PRM3200;3498.0;340.0
PTWE89;2023.0;2.0;6;PRM3200;13842.4;449.4
PTWE89;2023.0;2.0;6;SRM5000;13842.4;2475.0
PTWE89;2023.0;2.0;7;PRM3200;18690.32;350.95
PTWE89;2023.0;2.0;7;SRM5000;18690.32;4105.0
PTWE89;2023.0;2.0;8;PRM3200;13762.32;111.0
PTWE89;2023.0;2.0;8;SRM5000;13762.32;4130.0
PTWE89;2023.0;2.0;9;SRM5000;6900.08;1970.0
PTWE89;2023.0;3.0;9;SRM5000;6211.92;1320.0
PTWE89;2023.0;3.0;10;PRM3200;19343.280000000002;468.0
PTWE89;2023.0;3.0;10;SRM5000;19343.280000000002;5548.0
PTWE89;2023.0;3.0;11;PRM3200;19519.28;233.7
PTWE89;2023.0;3.0;11;SRM5000;19519.28;4052.0
PTWE89;2023.0;3.0;12;PRM3200;17814.72;618.4
PTWE89;2023.0;3.0;12;SRM5000;17814.72;5930.0
PTWE89;2023.0;3.0;13;PRM3200;17463.6;506.64
PTWE89;2023.0;3.0;13;SRM5000;17463.6;3170.0
PTWE89;2023.0;4.0;14;PRM3200;19327.440000000002;164.2
PTWE89;2023.0;4.0;14;SRM5000;19327.440000000002;4290.0
PTWE89;2023.0;4.0;15;PRM3200;12530.32;579.02
PTWE89;2023.0;4.0;15;SRM5000;12530.32;3540.0
PTWE89;2023.0;4.0;17;PRM3200;18303.12;814.4
PTWE89;2023.0;4.0;17;SRM5000;18303.12;9120.0
PTWE89;2023.0;5.0;18;PRM3200;14542.880000000001;267.3
PTWE89;2023.0;5.0;18;SRM5000;14542.880000000001;3480.0
PTWE89;2023.0;5.0;19;PRM3200;13602.16;189.0
PTWE89;2023.0;5.0;19;SRM5000;13602.16;2970.0
PTWE89;2023.0;5.0;20;PRM3200;12865.6;835.6
PTWE89;2023.0;5.0;20;SRM5000;12865.6;3054.0
PTWE89;2023.0;5.0;21;PRM3200;13991.12;233.3
PTWE89;2023.0;5.0;21;SRM5000;13991.12;2960.0
PTWE89;2023.0;6.0;22;PRM3200;6204.0;156.9
PTWE89;2023.0;6.0;23;PRM3200;18936.72;824.3
PTWE89;2023.0;6.0;23;SRM5000;18936.72;4625.0
PTWE89;2023.0;6.0;24;PRM3200;19976.0;934.2
PTWE89;2023.0;6.0;24;SRM5000;19976.0;8000.0
PTWE89;2023.0;6.0;25;PRM3200;11809.6;271.5
PTWE89;2023.0;6.0;25;SRM5000;11809.6;3312.0
PTWE89;2023.0;6.0;26;PRM3200;18378.8;821.4
PTWE89;2023.0;6.0;26;SRM5000;18378.8;3964.0
PTWE89;2023.0;7.0;27;PRM3200;18624.32;58.2
PTWE89;2023.0;7.0;27;SRM5000;18624.32;4350.0
PTWE89;2023.0;7.0;28;PRM3200;14142.48;460.7
PTWE89;2023.0;7.0;28;SRM5000;14142.48;3770.0
PTWE89;2023.0;7.0;29;PRM3200;18040.88;977.0
PTWE89;2023.0;7.0;29;SRM5000;18040.88;6990.0
PTWE89;2023.0;7.0;30;PRM3200;17655.44;626.18
PTWE89;2023.0;7.0;30;SRM5000;17655.44;4885.0
PTWE89;2023.0;7.0;31;PRM3200;1474.88;79.44
PTWE89;2023.0;8.0;31;PRM3200;5408.4800000000005;772.4
PTWE89;2023.0;8.0;35;PRM3200;15827.68;573.3
PTWE89;2023.0;8.0;35;SRM5000;15827.68;4720.0
PTWE89;2023.0;9.0;35;PRM3200;2794.88;84.44
PTWE89;2023.0;9.0;35;SRM5000;2794.88;720.0
PTWE89;2023.0;9.0;36;PRM3200;19513.12;1150.96
PTWE89;2023.0;9.0;36;SRM5000;19513.12;5034.0
PTWE89;2023.0;9.0;37;PRM3200;19667.120000000003;755.86
PTWE89;2023.0;9.0;37;SRM5000;19667.120000000003;5760.0
PTWE89;2023.0;9.0;38;PRM3200;18736.96;383.18
PTWE89;2023.0;9.0;38;SRM5000;18736.96;4870.0
PTWE89;2023.0;9.0;39;PRM3200;14931.84;254.64000000000001
PTWE89;2023.0;9.0;39;SRM5000;14931.84;3145.0
PTWE89;2023.0;10.0;40;PRM3200;16522.879999999997;359.32
PTWE89;2023.0;10.0;40;SRM5000;16522.879999999997;3700.0
PTWE89;2023.0;10.0;41;PRM3200;20477.6;636.4
PTWE89;2023.0;10.0;41;SRM5000;20477.6;6240.0
PTWE89;2023.0;10.0;42;PRM3200;19899.44;752.4399999999999
PTWE89;2023.0;10.0;42;SRM5000;19899.44;6260.0
PTWE89;2023.0;10.0;43;PRM3200;19263.2;369.24
PTWE89;2023.0;10.0;43;SRM5000;19263.2;4130.0
PTWE89;2023.0;11.0;44;PRM3200;5186.72;289.18
PTWE89;2023.0;11.0;44;SRM5000;5186.72;3540.0
PTWE89;2023.0;11.0;45;PRM3200;14746.16;557.74
PTWE89;2023.0;11.0;45;SRM5000;14746.16;3080.0
PTWE89;2023.0;11.0;46;PRM3200;13918.960000000001;1045.48
PTWE89;2023.0;11.0;46;SRM5000;13918.960000000001;4292.0
PTWE89;2023.0;11.0;47;PRM3200;19285.2;667.4
PTWE89;2023.0;11.0;47;SRM5000;19285.2;4890.0
PTWE89;2023.0;11.0;48;PRM3200;16192.88;554.64
PTWE89;2023.0;11.0;48;SRM5000;16192.88;3360.0
PTWE89;2023.0;12.0;48;PRM3200;357.28000000000003;84.88
PTWE89;2023.0;12.0;48;SRM5000;357.28000000000003;560.0
PTWE89;2023.0;12.0;49;PRM3200;17409.04;234.96
PTWE89;2023.0;12.0;49;SRM5000;17409.04;3810.0
PTWE89;2023.0;12.0;50;PRM3200;17020.96;379.36
PTWE89;2023.0;12.0;50;SRM5000;17020.96;3078.0
PTWE89;2023.0;12.0;51;PRM3200;17578.0;151.26
PTWE89;2023.0;12.0;51;SRM5000;17578.0;600.0
PTWE89;2024.0;1.0;2;PRM3200;20230.32;379.15999999999997
PTWE89;2024.0;1.0;2;SRM5000;20230.32;5420.0
PTWE89;2024.0;1.0;3;PRM3200;20252.32;1008.6
PTWE89;2024.0;1.0;3;SRM5000;20252.32;6075.0
PTWE89;2024.0;1.0;4;PRM3200;16088.16;902.22
PTWE89;2024.0;1.0;4;SRM5000;16088.16;4880.0
PTWE89;2024.0;1.0;5;PRM3200;12936.0;364.7
PTWE89;2024.0;1.0;5;SRM5000;12936.0;2800.0
PTWE89;2024.0;2.0;5;PRM3200;6827.04;267.72
PTWE89;2024.0;2.0;5;SRM5000;6827.04;2800.0
PTWE89;2024.0;2.0;6;PRM3200;20141.44;507.56
PTWE89;2024.0;2.0;6;SRM5000;20141.44;5300.0
PTWE89;2024.0;2.0;7;PRM3200;19728.72;922.46
PTWE89;2024.0;2.0;7;SRM5000;19728.72;6450.0
PTWE89;2024.0;2.0;8;PRM3200;4474.8;621.74
PTWE89;2024.0;2.0;8;SRM5000;4474.8;1180.0
PTWE89;2024.0;2.0;9;PRM3200;17419.6;919.76
PTWE89;2024.0;2.0;9;SRM5000;17419.6;2390.0
PTWE89;2024.0;3.0;9;PRM3200;2352.2400000000002;95.24
PTWE89;2024.0;3.0;9;SRM5000;2352.2400000000002;528.0
PTWE89;2024.0;3.0;10;PRM3200;18274.08;368.34
PTWE89;2024.0;3.0;10;SRM5000;18274.08;5040.0
PTWE89;2024.0;3.0;11;PRM3200;19631.04;553.0
PTWE89;2024.0;3.0;11;SRM5000;19631.04;5040.0
PTWE89;2024.0;3.0;12;PRM3200;19536.0;382.46
PTWE89;2024.0;3.0;12;SRM5000;19536.0;4299.0
PTWE89;2024.0;3.0;13;PRM3200;16624.96;397.6
PTWE89;2024.0;3.0;13;SRM5000;16624.96;2275.0
PTWE89;2024.0;4.0;14;PRM3200;15504.72;301.76
PTWE89;2024.0;4.0;14;SRM5000;15504.72;4250.0
PTWE89;2024.0;4.0;15;PRM3200;18427.2;1053.76
PTWE89;2024.0;4.0;15;SRM5000;18427.2;4920.0
PTWE89;2024.0;4.0;16;PRM3200;19844.0;903.1
PTWE89;2024.0;4.0;16;SRM5000;19844.0;3373.0
PTWE89;2024.0;4.0;17;PRM3200;19948.72;905.3199999999999
PTWE89;2024.0;4.0;17;SRM5000;19948.72;4740.0
PTWE89;2024.0;4.0;18;PRM3200;8622.24;390.88
PTWE89;2024.0;4.0;18;SRM5000;8622.24;2260.0
PTWE89;2024.0;5.0;18;PRM3200;6707.360000000001;332.38
PTWE89;2024.0;5.0;18;SRM5000;6707.360000000001;2900.0
PTWE89;2024.0;5.0;19;PRM3200;8547.44;437.48
PTWE89;2024.0;5.0;19;SRM5000;8547.44;1200.0
PTWE89;2024.0;5.0;20;SRM5000;19157.6;5130.0
PTWE89;2024.0;5.0;21;PRM3200;19129.440000000002;2232.1
PTWE89;2024.0;5.0;21;SRM5000;19129.440000000002;5145.0
PTWE89;2024.0;5.0;22;PRM3200;12315.6;453.78000000000003
PTWE89;2024.0;5.0;22;SRM5000;12315.6;3840.0
PTWE89;2024.0;6.0;23;PRM3200;15511.76;1061.66
PTWE89;2024.0;6.0;23;SRM5000;15511.76;3847.0
PTWE89;2024.0;6.0;24;PRM3200;16284.400000000001;759.92
PTWE89;2024.0;6.0;24;SRM5000;16284.400000000001;3483.0
PTWE89;2024.0;6.0;25;PRM3200;18221.28;735.6
PTWE89;2024.0;6.0;25;SRM5000;18221.28;5018.0
PTWE89;2024.0;6.0;26;PRM3200;11822.8;768.0
PTWE89;2024.0;6.0;26;SRM5000;11822.8;4175.0
PTWE89;2024.0;7.0;27;PRM3200;15832.96;511.2
PTWE89;2024.0;7.0;27;SRM5000;15832.96;3300.0
PTWE89;2024.0;7.0;28;PRM3200;15214.32;475.15999999999997
PTWE89;2024.0;7.0;28;SRM5000;15214.32;2700.0
PTWE89;2024.0;7.0;29;PRM3200;15385.04;520.3
PTWE89;2024.0;7.0;29;SRM5000;15385.04;3250.0
PTWE89;2024.0;7.0;30;PRM3200;15501.2;481.03999999999996
PTWE89;2024.0;7.0;30;SRM5000;15501.2;3100.0
PTWE89;2024.0;7.0;31;PRM3200;7336.56;231.95999999999998
PTWE89;2024.0;7.0;31;SRM5000;7336.56;1260.0
PTWE89;2024.0;8.0;31;PRM3200;3930.96;62.739999999999995
PTWE89;2024.0;8.0;31;SRM5000;3930.96;756.0
PTWE89;2024.0;8.0;35;PRM3200;16641.68;849.66
PTWE89;2024.0;8.0;35;SRM5000;16641.68;2628.0
PTWE89;2024.0;9.0;36;PRM3200;17904.48;943.16
PTWE89;2024.0;9.0;36;SRM5000;17904.48;1740.0
PTWE89;2024.0;9.0;37;PRM3200;18612.0;881.78
PTWE89;2024.0;9.0;37;SRM5000;18612.0;5230.0
PTWE89;2024.0;9.0;38;PRM3200;17534.88;626.6
PTWE89;2024.0;9.0;38;SRM5000;17534.88;2470.0
PTWE89;2024.0;9.0;39;PRM3200;16428.72;719.14
PTWE89;2024.0;9.0;39;SRM5000;16428.72;2062.0
PTWE89;2024.0;10.0;40;PRM3200;12491.6;473.12
PTWE89;2024.0;10.0;40;SRM5000;12491.6;2781.0
PTWE89;2024.0;10.0;41;PRM3200;18923.52;476.74
PTWE89;2024.0;10.0;41;SRM5000;18923.52;4785.0
PTWE89;2024.0;10.0;42;PRM3200;19566.8;578.3
PTWE89;2024.0;10.0;42;SRM5000;19566.8;3412.0
PTWE89;2024.0;10.0;43;PRM3200;16276.48;842.58
PTWE89;2024.0;10.0;43;SRM5000;16276.48;6504.0
