Site;Année;Semaine;Mois;Machine;Gaz (kWh);PE (kg)
PTWE35;2023;1;1;F4B;0.0;2027.338
PTWE35;2023;1;1;M1;0.0;6067.32
PTWE35;2023;1;1;M2;0.0;4435.2
PTWE35;2023;1;1;M3;0.0;3978.48
PTWE35;2023;1;1;M8;0.0;8140.792
PTWE35;2023;1;1;RM2400;0.0;1485.2
PTWE35;2023;1;1;RM4500;0.0;3062.4
PTWE35;2023;2;1;F4B;0.0;3697.11
PTWE35;2023;2;1;M1;0.0;11801.503999999999
PTWE35;2023;2;1;M2;0.0;12291.84
PTWE35;2023;2;1;M3;0.0;12176.56
PTWE35;2023;2;1;M8;0.0;12783.408
PTWE35;2023;2;1;RM2400;0.0;4887.0
PTWE35;2023;2;1;RM4500;0.0;4195.84
PTWE35;2023;3;1;F4B;0.0;3498.1
PTWE35;2023;3;1;FB;0.0;365.0
PTWE35;2023;3;1;M1;0.0;10257.696
PTWE35;2023;3;1;M2;0.0;12672.0
PTWE35;2023;3;1;M3;0.0;12176.56
PTWE35;2023;3;1;M8;0.0;20619.192
PTWE35;2023;3;1;RM2400;0.0;4140.0
PTWE35;2023;3;1;RM4500;0.0;6487.36
PTWE35;2023;4;1;F4B;0.0;2693.1
PTWE35;2023;4;1;FB;0.0;1174.0
PTWE35;2023;4;1;M1;0.0;9776.960000000001
PTWE35;2023;4;1;M2;0.0;10755.36
PTWE35;2023;4;1;M3;0.0;9280.32
PTWE35;2023;4;1;M8;0.0;12709.84
PTWE35;2023;4;1;RM2400;0.0;4252.5
PTWE35;2023;4;1;RM4500;0.0;9458.24
PTWE35;2023;5;1;F3B;0.0;499.3
PTWE35;2023;5;1;F4B;0.0;2453.5
PTWE35;2023;5;1;FB;0.0;432.0
PTWE35;2023;5;1;M1;0.0;9152.0
PTWE35;2023;5;1;M2;0.0;9757.44
PTWE35;2023;5;1;M3;0.0;9035.28
PTWE35;2023;5;1;M8;0.0;11283.36
PTWE35;2023;5;1;RM2400;0.0;2760.0
PTWE35;2023;5;1;RM4500;0.0;8634.56
PTWE35;2023;6;2;F3B;0.0;652.0
PTWE35;2023;6;2;F4B;0.0;3613.2
PTWE35;2023;6;2;FB;0.0;1204.0
PTWE35;2023;6;2;M1;0.0;9881.2
PTWE35;2023;6;2;M2;0.0;12041.92
PTWE35;2023;6;2;M3;0.0;12416.56
PTWE35;2023;6;2;M8;0.0;12087.24
PTWE35;2023;6;2;RM2400;0.0;4612.5
PTWE35;2023;6;2;RM4500;0.0;2038.08
PTWE35;2023;7;2;F3B;0.0;861.25
PTWE35;2023;7;2;F4B;0.0;2612.0
PTWE35;2023;7;2;FB;0.0;110.0
PTWE35;2023;7;2;M1;0.0;12952.72
PTWE35;2023;7;2;M2;0.0;17991.6
PTWE35;2023;7;2;M3;0.0;8439.199999999999
PTWE35;2023;7;2;M8;0.0;14248.344
PTWE35;2023;7;2;RM2400;0.0;4792.5
PTWE35;2023;7;2;RM4500;0.0;4329.6
PTWE35;2023;8;2;F3B;0.0;679.7
PTWE35;2023;8;2;F4B;0.0;3286.5
PTWE35;2023;8;2;FB;0.0;476.0
PTWE35;2023;8;2;M1;0.0;12339.6
PTWE35;2023;8;2;M2;0.0;12798.72
PTWE35;2023;8;2;M3;0.0;11573.76
PTWE35;2023;8;2;M8;0.0;10655.24
PTWE35;2023;8;2;RM2400;0.0;5327.5
PTWE35;2023;8;2;RM4500;0.0;6561.28
PTWE35;2023;9;2;F3B;0.0;544.05
PTWE35;2023;9;2;F4B;0.0;3077.8
PTWE35;2023;9;2;M1;0.0;8964.44
PTWE35;2023;9;2;M2;0.0;8039.68
PTWE35;2023;9;2;M3;0.0;8766.56
PTWE35;2023;9;2;M8;0.0;8940.84
PTWE35;2023;9;2;RM2400;0.0;3997.5
PTWE35;2023;9;2;RM4500;0.0;5818.5599999999995
PTWE35;2023;10;3;F3B;0.0;982.05
PTWE35;2023;10;3;F4B;0.0;6653.744
PTWE35;2023;10;3;FB;0.0;1587.0
PTWE35;2023;10;3;M1;0.0;15624.4
PTWE35;2023;10;3;M2;0.0;16220.16
PTWE35;2023;10;3;M3;0.0;14105.52
PTWE35;2023;10;3;M8;0.0;23152.8
PTWE35;2023;10;3;RM2400;0.0;6435.0
PTWE35;2023;10;3;RM4500;0.0;9929.92
PTWE35;2023;11;3;F3B;0.0;1229.75
PTWE35;2023;11;3;F4B;0.0;4501.8
PTWE35;2023;11;3;FB;0.0;1831.0
PTWE35;2023;11;3;M1;0.0;8454.84
PTWE35;2023;11;3;M2;0.0;12418.56
PTWE35;2023;11;3;M3;0.0;12056.0
PTWE35;2023;11;3;M8;0.0;11595.584
PTWE35;2023;11;3;RM2400;0.0;3787.5
PTWE35;2023;11;3;RM4500;0.0;6240.96
PTWE35;2023;12;3;F3B;0.0;1020.8
PTWE35;2023;12;3;F4B;0.0;4099.7
PTWE35;2023;12;3;FB;0.0;1475.0
PTWE35;2023;12;3;M1;0.0;10320.904
PTWE35;2023;12;3;M2;0.0;11024.64
PTWE35;2023;12;3;M3;0.0;11935.439999999999
PTWE35;2023;12;3;M8;0.0;15399.119999999999
PTWE35;2023;12;3;RM2400;0.0;4507.5
PTWE35;2023;12;3;RM4500;0.0;5857.28
PTWE35;2023;13;3;F3B;0.0;1384.25
PTWE35;2023;13;3;F4B;0.0;4170.1
PTWE35;2023;13;3;FB;0.0;819.0
PTWE35;2023;13;3;M1;0.0;10284.4
PTWE35;2023;13;3;M2;0.0;12165.119999999999
PTWE35;2023;13;3;M3;0.0;9885.92
PTWE35;2023;13;3;M8;0.0;13233.088
PTWE35;2023;13;3;RM2400;0.0;4658.5
PTWE35;2023;13;3;RM4500;0.0;4392.96
PTWE35;2023;14;4;F3B;0.0;1177.75
PTWE35;2023;14;4;F4B;0.0;3222.0
PTWE35;2023;14;4;FB;0.0;753.5
PTWE35;2023;14;4;M1;0.0;7031.2
PTWE35;2023;14;4;M2;0.0;7983.36
PTWE35;2023;14;4;M3;0.0;8077.5199999999995
PTWE35;2023;14;4;M8;0.0;5783.536
PTWE35;2023;14;4;RM2400;0.0;3124.5
PTWE35;2023;14;4;RM4500;0.0;3333.44
PTWE35;2023;15;4;F3B;0.0;844.85
PTWE35;2023;15;4;F4B;0.0;3182.0
PTWE35;2023;15;4;FB;0.0;823.0
PTWE35;2023;15;4;M1;0.0;6033.64
PTWE35;2023;15;4;M2;0.0;8490.24
PTWE35;2023;15;4;M3;0.0;7113.04
PTWE35;2023;15;4;M8;0.0;7406.256
PTWE35;2023;15;4;RM2400;0.0;2829.0
PTWE35;2023;15;4;RM4500;0.0;3984.64
PTWE35;2023;16;4;F3B;0.0;505.25
PTWE35;2023;16;4;F4B;0.0;3932.548
PTWE35;2023;16;4;FB;0.0;56.0
PTWE35;2023;16;4;M1;0.0;11515.096
PTWE35;2023;16;4;M2;0.0;13052.16
PTWE35;2023;16;4;M3;0.0;7715.84
PTWE35;2023;16;4;M8;0.0;9106.592
PTWE35;2023;16;4;RM2400;0.0;3176.9
PTWE35;2023;16;4;RM4500;0.0;7036.48
PTWE35;2023;17;4;F3B;0.0;839.01
PTWE35;2023;17;4;F4B;0.0;3836.958
PTWE35;2023;17;4;M1;0.0;9349.576000000001
PTWE35;2023;17;4;M2;0.0;6842.88
PTWE35;2023;17;4;M3;0.0;11212.08
PTWE35;2023;17;4;M8;0.0;16529.832
PTWE35;2023;17;4;RM2400;0.0;3096.0
PTWE35;2023;17;4;RM4500;0.0;7399.04
PTWE35;2023;18;4;F3B;0.0;561.545
PTWE35;2023;18;4;F4B;0.0;1934.5
PTWE35;2023;18;4;FB;0.0;228.0
PTWE35;2023;18;4;M1;0.0;3267.264
PTWE35;2023;18;4;M2;0.0;7349.76
PTWE35;2023;18;4;M3;0.0;6510.240000000001
PTWE35;2023;18;4;M8;0.0;6005.208
PTWE35;2023;18;4;RM2400;0.0;1802.6
PTWE35;2023;18;4;RM4500;0.0;3608.0
PTWE35;2023;19;5;F3B;0.0;1025.77
PTWE35;2023;19;5;F4B;0.0;1996.35
PTWE35;2023;19;5;FB;0.0;606.0
PTWE35;2023;19;5;M1;0.0;6438.2
PTWE35;2023;19;5;M2;0.0;9250.56
PTWE35;2023;19;5;M3;0.0;9162.56
PTWE35;2023;19;5;M8;0.0;8573.4
PTWE35;2023;19;5;RM2400;0.0;3581.8
PTWE35;2023;19;5;RM4500;0.0;3657.2799999999997
PTWE35;2023;20;5;F3B;0.0;469.67
PTWE35;2023;20;5;F4B;0.0;2359.2
PTWE35;2023;20;5;FB;0.0;150.0
PTWE35;2023;20;5;M1;0.0;6662.56
PTWE35;2023;20;5;M2;0.0;7349.76
PTWE35;2023;20;5;M3;0.0;7233.6
PTWE35;2023;20;5;M8;0.0;6819.031999999999
PTWE35;2023;20;5;RM2400;0.0;2610.0
PTWE35;2023;20;5;RM4500;0.0;3065.92
PTWE35;2023;21;5;F3B;0.0;881.4
PTWE35;2023;21;5;F4B;0.0;2359.082
PTWE35;2023;21;5;FB;0.0;308.0
PTWE35;2023;21;5;M1;0.0;10380.8
PTWE35;2023;21;5;M2;0.0;11658.24
PTWE35;2023;21;5;M3;0.0;11091.52
PTWE35;2023;21;5;M8;0.0;10893.08
PTWE35;2023;21;5;RM2400;0.0;5205.0
PTWE35;2023;21;5;RM4500;0.0;4005.76
PTWE35;2023;22;5;F3B;0.0;1630.33
PTWE35;2023;22;5;F4B;0.0;3093.9
PTWE35;2023;22;5;FB;0.0;63.0
PTWE35;2023;22;5;M1;0.0;10497.72
PTWE35;2023;22;5;M2;0.0;12165.119999999999
PTWE35;2023;22;5;M3;0.0;11935.439999999999
PTWE35;2023;22;5;M8;0.0;13593.36
PTWE35;2023;22;5;RM2400;0.0;5190.0
PTWE35;2023;22;5;RM4500;0.0;10845.12
PTWE35;2023;23;6;F3B;0.0;2656.0
PTWE35;2023;23;6;F4B;0.0;2869.315
PTWE35;2023;23;6;FB;0.0;496.0
PTWE35;2023;23;6;M1;0.0;9563.84
PTWE35;2023;23;6;M2;0.0;9630.72
PTWE35;2023;23;6;M3;0.0;9644.8
PTWE35;2023;23;6;M8;0.0;11842.248
PTWE35;2023;23;6;RM2400;0.0;3630.0
PTWE35;2023;23;6;RM4500;0.0;4741.4400000000005
PTWE35;2023;24;6;F3B;0.0;3347.55
PTWE35;2023;24;6;F4B;0.0;3662.66
PTWE35;2023;24;6;FB;0.0;725.0
PTWE35;2023;24;6;M1;0.0;12090.32
PTWE35;2023;24;6;M2;0.0;12798.72
PTWE35;2023;24;6;M3;0.0;12056.0
PTWE35;2023;24;6;M8;0.0;13260.368
PTWE35;2023;24;6;RM2400;0.0;4132.5
PTWE35;2023;24;6;RM4500;0.0;5290.5599999999995
PTWE35;2023;25;6;F3B;0.0;2230.6
PTWE35;2023;25;6;F4B;0.0;3592.24
PTWE35;2023;25;6;FB;0.0;874.0
PTWE35;2023;25;6;M1;0.0;11467.28
PTWE35;2023;25;6;M2;0.0;11911.68
PTWE35;2023;25;6;M3;0.0;11573.76
PTWE35;2023;25;6;M8;0.0;12226.456
PTWE35;2023;25;6;RM2400;0.0;4659.0
PTWE35;2023;25;6;RM4500;0.0;2816.0
PTWE35;2023;26;6;F3B;0.0;808.75
PTWE35;2023;26;6;F4B;0.0;3036.6
PTWE35;2023;26;6;M1;0.0;5476.16
PTWE35;2023;26;6;M2;0.0;9630.720000000001
PTWE35;2023;26;6;M3;0.0;8077.52
PTWE35;2023;26;6;M8;0.0;8679.576000000001
PTWE35;2023;26;6;RM2400;0.0;4260.8
PTWE35;2023;26;6;RM4500;0.0;2865.2799999999997
PTWE35;2023;27;7;F3B;0.0;1071.5
PTWE35;2023;27;7;F4B;0.0;3882.86
PTWE35;2023;27;7;FB;0.0;1368.0
PTWE35;2023;27;7;M1;0.0;15017.112000000001
PTWE35;2023;27;7;M2;0.0;14826.24
PTWE35;2023;27;7;M3;0.0;14828.880000000001
PTWE35;2023;27;7;M8;0.0;13052.528
PTWE35;2023;27;7;RM2400;0.0;5528.0
PTWE35;2023;27;7;RM4500;0.0;6473.28
PTWE35;2023;28;7;F4B;0.0;2137.35
PTWE35;2023;28;7;FB;0.0;628.0
PTWE35;2023;28;7;M1;0.0;6331.84
PTWE35;2023;28;7;M2;0.0;7349.76
PTWE35;2023;28;7;M3;0.0;6992.48
PTWE35;2023;28;7;M8;0.0;6250.200000000001
PTWE35;2023;28;7;RM2400;0.0;2505.0
PTWE35;2023;28;7;RM4500;0.0;4649.92
PTWE35;2023;29;7;F3B;0.0;1591.0
PTWE35;2023;29;7;F4B;0.0;3854.27
PTWE35;2023;29;7;FB;0.0;585.0
PTWE35;2023;29;7;M1;0.0;11486.64
PTWE35;2023;29;7;M2;0.0;11278.08
PTWE35;2023;29;7;M3;0.0;10729.84
PTWE35;2023;29;7;M8;0.0;9762.104
PTWE35;2023;29;7;RM2400;0.0;5085.0
PTWE35;2023;29;7;RM4500;0.0;8279.04
PTWE35;2023;30;7;F3B;0.0;2270.9
PTWE35;2023;30;7;F4B;0.0;3344.6
PTWE35;2023;30;7;FB;0.0;440.0
PTWE35;2023;30;7;M1;0.0;8905.2
PTWE35;2023;30;7;M2;0.0;10391.04
PTWE35;2023;30;7;M3;0.0;9403.68
PTWE35;2023;30;7;M8;0.0;8581.144
PTWE35;2023;30;7;RM2400;0.0;4929.5
PTWE35;2023;30;7;RM4500;0.0;7948.16
PTWE35;2023;31;7;F3B;0.0;2173.3
PTWE35;2023;31;7;F4B;0.0;3899.11
PTWE35;2023;31;7;FB;0.0;212.0
PTWE35;2023;31;7;M1;0.0;11095.92
PTWE35;2023;31;7;M2;0.0;11531.52
PTWE35;2023;31;7;M3;0.0;11091.52
PTWE35;2023;31;7;M8;0.0;11847.264
PTWE35;2023;31;7;RM2400;0.0;5087.4
PTWE35;2023;31;7;RM4500;0.0;5765.76
PTWE35;2023;35;8;F3B;0.0;1690.6
PTWE35;2023;35;8;F4B;0.0;3694.52
PTWE35;2023;35;8;FB;0.0;201.0
PTWE35;2023;35;8;M1;0.0;8103.704
PTWE35;2023;35;8;M2;0.0;8363.52
PTWE35;2023;35;8;M3;0.0;6992.48
PTWE35;2023;35;8;M8;0.0;11493.592
PTWE35;2023;35;8;RM2400;0.0;4823.4
PTWE35;2023;35;8;RM4500;0.0;4928.0
PTWE35;2023;36;9;F3B;0.0;1274.45
PTWE35;2023;36;9;F4B;0.0;3082.36
PTWE35;2023;36;9;FB;0.0;984.0
PTWE35;2023;36;9;M1;0.0;9579.68
PTWE35;2023;36;9;M2;0.0;7729.92
PTWE35;2023;36;9;M3;0.0;7836.4
PTWE35;2023;36;9;M8;0.0;9451.64
PTWE35;2023;36;9;RM2400;0.0;3614.5
PTWE35;2023;36;9;RM4500;0.0;8923.2
PTWE35;2023;37;9;F3B;0.0;1371.05
PTWE35;2023;37;9;F4B;0.0;3460.06
PTWE35;2023;37;9;FB;0.0;1323.0
PTWE35;2023;37;9;M1;0.0;9943.72
PTWE35;2023;37;9;M2;0.0;10137.599999999999
PTWE35;2023;37;9;M3;0.0;9885.92
PTWE35;2023;37;9;M8;0.0;13046.088
PTWE35;2023;37;9;RM2400;0.0;2697.5
PTWE35;2023;37;9;RM4500;0.0;13685.76
PTWE35;2023;38;9;F3B;0.0;849.45
PTWE35;2023;38;9;F4B;0.0;3624.8
PTWE35;2023;38;9;FB;0.0;1597.0
PTWE35;2023;38;9;M1;0.0;4557.168
PTWE35;2023;38;9;M2;0.0;9123.84
PTWE35;2023;38;9;M3;0.0;9403.68
PTWE35;2023;38;9;M8;0.0;11064.504
PTWE35;2023;38;9;RM2400;0.0;3097.5
PTWE35;2023;38;9;RM4500;0.0;10869.76
PTWE35;2023;39;9;F4B;0.0;3898.1
PTWE35;2023;39;9;FB;0.0;1737.0
PTWE35;2023;39;9;M1;0.0;6417.648
PTWE35;2023;39;9;M2;0.0;8616.96
PTWE35;2023;39;9;M3;0.0;9403.68
PTWE35;2023;39;9;M8;0.0;12711.776
PTWE35;2023;39;9;RM2400;0.0;2490.0
PTWE35;2023;39;9;RM4500;0.0;9137.92
PTWE35;2023;40;10;F4B;0.0;4151.6
PTWE35;2023;40;10;FB;0.0;285.0
PTWE35;2023;40;10;M1;0.0;13033.76
PTWE35;2023;40;10;M2;0.0;11911.68
PTWE35;2023;40;10;M3;0.0;11453.2
PTWE35;2023;40;10;M8;0.0;14798.96
PTWE35;2023;40;10;RM2400;0.0;4006.2
PTWE35;2023;40;10;RM4500;0.0;4759.04
PTWE35;2023;41;10;F4B;0.0;2638.7
PTWE35;2023;41;10;M1;0.0;9276.880000000001
PTWE35;2023;41;10;M2;0.0;7729.92
PTWE35;2023;41;10;M3;0.0;6510.24
PTWE35;2023;41;10;M8;0.0;10592.56
PTWE35;2023;41;10;RM2400;0.0;2336.2
PTWE35;2023;41;10;RM4500;0.0;5061.76
PTWE35;2023;42;10;F4B;0.0;3444.0
PTWE35;2023;42;10;FB;0.0;936.0
PTWE35;2023;42;10;M1;0.0;10130.56
PTWE35;2023;42;10;M2;0.0;9884.16
PTWE35;2023;42;10;M3;0.0;11453.2
PTWE35;2023;42;10;M8;0.0;10986.712
PTWE35;2023;42;10;RM2400;0.0;3225.0
PTWE35;2023;42;10;RM4500;0.0;6336.0
PTWE35;2023;43;10;F4B;0.0;3424.0
PTWE35;2023;43;10;FB;0.0;1081.0
PTWE35;2023;43;10;M1;0.0;11847.44
PTWE35;2023;43;10;M2;91787.85;10264.32
PTWE35;2023;43;10;M3;0.0;10970.96
PTWE35;2023;43;10;M8;0.0;9534.887999999999
PTWE35;2023;43;10;RM2400;0.0;2655.0
PTWE35;2023;43;10;RM4500;18202.800000000003;4762.5599999999995
PTWE35;2023;44;10;F3B;0.0;4.2
PTWE35;2023;44;10;F4B;0.0;1330.0
PTWE35;2023;44;10;FB;0.0;216.0
PTWE35;2023;44;10;M1;0.0;5694.52
PTWE35;2023;44;10;M2;0.0;12419.439999999999
PTWE35;2023;44;10;M8;0.0;4875.112
PTWE35;2023;44;10;RM2400;0.0;1837.5
PTWE35;2023;44;10;RM4500;0.0;616.0
PTWE35;2023;45;11;F3B;0.0;1173.1
PTWE35;2023;45;11;F4B;0.0;3672.0
PTWE35;2023;45;11;M1;0.0;8109.76
PTWE35;2023;45;11;M2;0.0;15121.04
PTWE35;2023;45;11;M3;0.0;2531.76
PTWE35;2023;45;11;M8;0.0;10353.464
PTWE35;2023;45;11;RM2400;0.0;4170.0
PTWE35;2023;45;11;RM4500;0.0;2949.76
PTWE35;2023;46;11;F3B;0.0;1741.0
PTWE35;2023;46;11;F4B;0.0;3413.75
PTWE35;2023;46;11;FB;0.0;684.0
PTWE35;2023;46;11;M1;0.0;4213.92
PTWE35;2023;46;11;M2;0.0;10897.92
PTWE35;2023;46;11;M3;0.0;10247.6
PTWE35;2023;46;11;M8;0.0;12813.36
PTWE35;2023;46;11;RM2400;0.0;3757.5
PTWE35;2023;46;11;RM4500;0.0;704.0
PTWE35;2023;47;11;F3B;0.0;1874.1
PTWE35;2023;47;11;F4B;0.0;2742.172
PTWE35;2023;47;11;M1;0.0;2210.72
PTWE35;2023;47;11;M2;39859.05;7983.36
PTWE35;2023;47;11;M3;0.0;8439.2
PTWE35;2023;47;11;M8;0.0;7089.28
PTWE35;2023;47;11;RM2400;0.0;2739.0
PTWE35;2023;47;11;RM4500;10602.900000000001;2421.76
PTWE35;2023;48;11;F3B;0.0;3008.95
PTWE35;2023;48;11;F4B;0.0;3660.0
PTWE35;2023;48;11;FB;0.0;944.0
PTWE35;2023;48;11;M1;0.0;6951.08
PTWE35;2023;48;11;M2;36451.8;18730.8
PTWE35;2023;48;11;M3;0.0;6510.24
PTWE35;2023;48;11;M8;0.0;12871.848
PTWE35;2023;48;11;RM2400;0.0;3580.0
PTWE35;2023;48;11;RM4500;10614.45;3456.64
PTWE35;2023;49;12;F3B;0.0;1240.9
PTWE35;2023;49;12;F4B;0.0;2014.1000000000001
PTWE35;2023;49;12;M1;0.0;2277.44
PTWE35;2023;49;12;M2;0.0;8363.52
PTWE35;2023;49;12;M3;0.0;8077.52
PTWE35;2023;49;12;M8;0.0;9358.008
PTWE35;2023;49;12;RM2400;0.0;3067.5
PTWE35;2023;49;12;RM4500;49988.4;4664.0
PTWE35;2023;50;12;F3B;0.0;1521.85
PTWE35;2023;50;12;F4B;0.0;2925.0
PTWE35;2023;50;12;FB;0.0;612.0
PTWE35;2023;50;12;M1;0.0;5836.4400000000005
PTWE35;2023;50;12;M2;0.0;11949.519999999999
PTWE35;2023;50;12;M3;0.0;1687.84
PTWE35;2023;50;12;M8;0.0;10934.44
PTWE35;2023;50;12;RM2400;0.0;4137.1
PTWE35;2023;50;12;RM4500;0.0;6248.0
PTWE35;2023;51;12;F3B;0.0;920.35
PTWE35;2023;51;12;F4B;0.0;2720.25
PTWE35;2023;51;12;FB;0.0;156.0
PTWE35;2023;51;12;M1;0.0;5024.5599999999995
PTWE35;2023;51;12;M2;0.0;6129.2
PTWE35;2023;51;12;M3;0.0;3014.0
PTWE35;2023;51;12;M8;0.0;8208.2
PTWE35;2023;51;12;RM2400;0.0;1068.0
PTWE35;2023;51;12;RM4500;0.0;1408.0
PTWE35;2024;1;1;F3B;0.0;559.05
PTWE35;2024;1;1;F4B;0.0;1712.6
PTWE35;2024;1;1;M1;0.0;3998.72
PTWE35;2024;1;1;M2;19669.65;5829.12
PTWE35;2024;1;1;M3;0.0;5304.64
PTWE35;2024;1;1;M8;0.0;5813.28
PTWE35;2024;1;1;RM2400;0.0;1042.5
PTWE35;2024;1;1;RM4500;0.0;1661.44
PTWE35;2024;2;1;F3B;0.0;958.65
PTWE35;2024;2;1;F4B;0.0;2347.64
PTWE35;2024;2;1;M1;0.0;8066.08
PTWE35;2024;2;1;M2;23411.850000000002;5829.12
PTWE35;2024;2;1;M3;0.0;6630.8
PTWE35;2024;2;1;M8;0.0;10619.52
PTWE35;2024;2;1;RM2400;0.0;1895.0
PTWE35;2024;2;1;RM4500;0.0;2907.52
PTWE35;2024;3;1;F3B;0.0;592.2
PTWE35;2024;3;1;F4B;3649.8;2783.945
PTWE35;2024;3;1;FB;0.0;560.0
PTWE35;2024;3;1;M1;0.0;3241.92
PTWE35;2024;3;1;M2;14356.650000000001;5068.8
PTWE35;2024;3;1;M3;0.0;6269.12
PTWE35;2024;3;1;M8;0.0;18320.544
PTWE35;2024;3;1;RM2400;0.0;4278.0
PTWE35;2024;3;1;RM4500;0.0;1640.32
PTWE35;2024;4;1;F3B;0.0;612.7
PTWE35;2024;4;1;F4B;2333.1000000000004;1200.28
PTWE35;2024;4;1;M1;0.0;6720.48
PTWE35;2024;4;1;M2;17717.7;5195.5199999999995
PTWE35;2024;4;1;M3;0.0;5063.52
PTWE35;2024;4;1;M8;0.0;8386.928
PTWE35;2024;4;1;RM2400;0.0;3277.5
PTWE35;2024;4;1;RM4500;0.0;1661.44
PTWE35;2024;5;2;F3B;0.0;782.05
PTWE35;2024;5;2;F4B;6237.0;4678.825
PTWE35;2024;5;2;FB;0.0;45.0
PTWE35;2024;5;2;M1;0.0;10454.4
PTWE35;2024;5;2;M2;30911.265000000003;9250.56
PTWE35;2024;5;2;M3;0.0;8439.2
PTWE35;2024;5;2;M8;0.0;11511.632000000001
PTWE35;2024;5;2;RM2400;0.0;3681.0
PTWE35;2024;5;2;RM4500;0.0;7346.24
PTWE35;2024;6;2;F3B;0.0;1215.24
PTWE35;2024;6;2;F4B;3927.0000000000005;2920.0
PTWE35;2024;6;2;M1;0.0;7189.96
PTWE35;2024;6;2;M2;25291.035000000003;7096.32
PTWE35;2024;6;2;M3;0.0;6751.36
PTWE35;2024;6;2;M8;0.0;8203.36
PTWE35;2024;6;2;RM2400;0.0;3029.8
PTWE35;2024;6;2;RM4500;0.0;1809.783
PTWE35;2024;7;2;F3B;0.0;396.0
PTWE35;2024;7;2;F4B;4342.8;2657.9
PTWE35;2024;7;2;FB;0.0;539.5
PTWE35;2024;7;2;M1;0.0;8291.56
PTWE35;2024;7;2;M2;22707.300000000003;6589.4400000000005
PTWE35;2024;7;2;M3;0.0;7113.04
PTWE35;2024;7;2;M8;0.0;10225.776
PTWE35;2024;7;2;RM2400;0.0;1109.1
PTWE35;2024;7;2;RM4500;0.0;7951.68
PTWE35;2024;8;2;F3B;0.0;484.0
PTWE35;2024;8;2;F4B;6075.3;2697.0
PTWE35;2024;8;2;M1;0.0;8385.12
PTWE35;2024;8;2;M2;23365.65;9104.48
PTWE35;2024;8;2;M3;0.0;3014.0
PTWE35;2024;8;2;M8;0.0;10332.344000000001
PTWE35;2024;8;2;RM2400;0.0;2452.5
PTWE35;2024;8;2;RM4500;0.0;4829.44
PTWE35;2024;9;3;F3B;0.0;495.8
PTWE35;2024;9;3;F4B;5509.35;2289.2
PTWE35;2024;9;3;FB;0.0;116.0
PTWE35;2024;9;3;M1;0.0;8850.24
PTWE35;2024;9;3;M2;30122.4;8217.44
PTWE35;2024;9;3;M3;0.0;4160.64
PTWE35;2024;9;3;M8;0.0;10239.592
PTWE35;2024;9;3;RM2400;0.0;2370.0
PTWE35;2024;9;3;RM4500;0.0;3769.92
PTWE35;2024;10;3;F3B;0.0;553.15
PTWE35;2024;10;3;F4B;4539.150000000001;2465.5
PTWE35;2024;10;3;M1;0.0;9522.36
PTWE35;2024;10;3;M2;30665.250000000004;8622.24
PTWE35;2024;10;3;M3;0.0;10011.76
PTWE35;2024;10;3;M8;0.0;10331.024
PTWE35;2024;10;3;RM2400;0.0;2996.5
PTWE35;2024;10;3;RM4500;0.0;7289.92
PTWE35;2024;11;3;F3B;0.0;1558.3
PTWE35;2024;11;3;F4B;5058.900000000001;2793.0
PTWE35;2024;11;3;M1;0.0;11098.08
PTWE35;2024;11;3;M2;30191.7;8479.68
PTWE35;2024;11;3;M3;0.0;11501.6
PTWE35;2024;11;3;M8;0.0;12189.144
PTWE35;2024;11;3;RM2400;0.0;3221.0
PTWE35;2024;11;3;RM4500;0.0;6589.44
PTWE35;2024;12;3;F3B;0.0;1616.45
PTWE35;2024;12;3;F4B;5012.700000000001;2839.0
PTWE35;2024;12;3;M1;0.0;9930.28
PTWE35;2024;12;3;M2;25363.800000000003;6079.04
PTWE35;2024;12;3;M3;0.0;8930.24
PTWE35;2024;12;3;M8;0.0;11250.36
PTWE35;2024;12;3;RM2400;0.0;3435.0
PTWE35;2024;12;3;RM4500;0.0;7063.467
PTWE35;2024;13;3;F3B;0.0;1071.48
PTWE35;2024;13;3;F4B;4677.75;2802.08
PTWE35;2024;13;3;FB;0.0;673.0
PTWE35;2024;13;3;M1;0.0;9650.28
PTWE35;2024;13;3;M2;30180.15;8870.400000000001
PTWE35;2024;13;3;M3;0.0;7474.719999999999
PTWE35;2024;13;3;M8;0.0;10605.32
PTWE35;2024;13;3;RM2400;0.0;2454.0
PTWE35;2024;13;3;RM4500;0.0;6015.68
PTWE35;2024;14;4;F3B;0.0;716.9
PTWE35;2024;14;4;F4B;3361.05;2594.14
PTWE35;2024;14;4;FB;0.0;438.5
PTWE35;2024;14;4;M1;0.0;9906.48
PTWE35;2024;14;4;M2;29741.250000000004;8997.119999999999
PTWE35;2024;14;4;M3;0.0;7956.96
PTWE35;2024;14;4;M8;0.0;13315.368
PTWE35;2024;14;4;RM2400;0.0;3900.0
PTWE35;2024;14;4;RM4500;0.0;4801.28
PTWE35;2024;15;4;F3B;0.0;675.0
PTWE35;2024;15;4;F4B;6364.05;2875.52
PTWE35;2024;15;4;M1;0.0;8780.640000000001
PTWE35;2024;15;4;M2;30665.250000000004;8616.96
PTWE35;2024;15;4;M3;0.0;7836.400000000001
PTWE35;2024;15;4;M8;0.0;7787.031999999999
PTWE35;2024;15;4;RM2400;0.0;3483.0
PTWE35;2024;15;4;RM4500;0.0;5896.0
PTWE35;2024;16;4;F3B;0.0;203.475
PTWE35;2024;16;4;F4B;7472.85;2779.68
PTWE35;2024;16;4;FB;0.0;984.0
PTWE35;2024;16;4;M1;0.0;9484.92
PTWE35;2024;16;4;M2;26923.050000000003;7856.639999999999
PTWE35;2024;16;4;M3;0.0;8077.52
PTWE35;2024;16;4;M8;0.0;13156.44
PTWE35;2024;16;4;RM2400;0.0;4830.0
PTWE35;2024;16;4;RM4500;0.0;4910.4
PTWE35;2024;17;4;F3B;0.0;167.5
PTWE35;2024;17;4;F4B;6872.25;4053.38
PTWE35;2024;17;4;FB;0.0;1010.0
PTWE35;2024;17;4;M1;0.0;10149.92
PTWE35;2024;17;4;M2;45622.5;11387.2
PTWE35;2024;17;4;M3;0.0;5566.88
PTWE35;2024;17;4;M8;0.0;13640.664
PTWE35;2024;17;4;RM2400;0.0;4808.5
PTWE35;2024;17;4;RM4500;0.0;3484.8
PTWE35;2024;18;5;F3B;0.0;327.55
PTWE35;2024;18;5;F4B;4620.0;2977.61
PTWE35;2024;18;5;FB;0.0;45.0
PTWE35;2024;18;5;M1;0.0;8787.880000000001
PTWE35;2024;18;5;M2;14168.847000000002;4239.84
PTWE35;2024;18;5;M3;0.0;6537.52
PTWE35;2024;18;5;M8;0.0;11619.52
PTWE35;2024;18;5;RM2400;0.0;3111.2
PTWE35;2024;18;5;RM4500;0.0;3069.44
PTWE35;2024;19;5;F3B;0.0;288.45
PTWE35;2024;19;5;F4B;877.8000000000001;581.8
PTWE35;2024;19;5;M1;0.0;2231.68
PTWE35;2024;19;5;M2;2902.0530000000003;887.04
PTWE35;2024;19;5;M3;0.0;723.36
PTWE35;2024;19;5;M8;0.0;1421.1999999999998
PTWE35;2024;19;5;RM2400;0.0;615.0
PTWE35;2024;19;5;RM4500;0.0;1429.12
PTWE35;2024;20;5;F3B;0.0;1470.53
PTWE35;2024;20;5;F4B;6086.85;2371.52
PTWE35;2024;20;5;M1;0.0;9528.12
PTWE35;2024;20;5;M2;29360.100000000002;8363.52
PTWE35;2024;20;5;M3;0.0;7113.04
PTWE35;2024;20;5;M8;0.0;10616.696
PTWE35;2024;20;5;RM2400;0.0;4267.5
PTWE35;2024;20;5;RM4500;0.0;4125.4400000000005
PTWE35;2024;21;5;F3B;0.0;1439.53
PTWE35;2024;21;5;F4B;6849.150000000001;3020.9
PTWE35;2024;21;5;M1;0.0;8792.08
PTWE35;2024;21;5;M2;15142.050000000001;5322.24
PTWE35;2024;21;5;M3;0.0;5907.4400000000005
PTWE35;2024;21;5;M8;0.0;9151.208
PTWE35;2024;21;5;RM2400;0.0;2998.5
PTWE35;2024;21;5;RM4500;0.0;3210.24
PTWE35;2024;22;6;F3B;0.0;994.85
PTWE35;2024;22;6;F4B;6770.61;2449.7
PTWE35;2024;22;6;FB;0.0;928.0
PTWE35;2024;22;6;M1;0.0;12344.8
PTWE35;2024;22;6;M2;33513.48;9504.0
PTWE35;2024;22;6;M3;0.0;9885.92
PTWE35;2024;22;6;M8;0.0;16690.52
PTWE35;2024;22;6;RM2400;0.0;2564.0
PTWE35;2024;22;6;RM4500;0.0;2566.08
PTWE35;2024;23;6;F4B;6770.61;2815.5
PTWE35;2024;23;6;FB;0.0;20.0
PTWE35;2024;23;6;M1;0.0;8481.44
PTWE35;2024;23;6;M2;26810.784000000003;7349.76
PTWE35;2024;23;6;M3;0.0;10127.04
PTWE35;2024;23;6;M8;0.0;11287.6
PTWE35;2024;23;6;RM2400;0.0;2937.0
PTWE35;2024;23;6;RM4500;0.0;5001.92
PTWE35;2024;24;6;F3B;0.0;54.0
PTWE35;2024;24;6;F4B;9027.480000000001;3213.902
PTWE35;2024;24;6;FB;0.0;120.0
PTWE35;2024;24;6;M1;0.0;8246.52
PTWE35;2024;24;6;M2;23459.436;6455.68
PTWE35;2024;24;6;M3;0.0;9050.8
PTWE35;2024;24;6;M8;0.0;10301.104
PTWE35;2024;24;6;RM2400;0.0;3564.4
PTWE35;2024;24;6;RM4500;0.0;4385.92
PTWE35;2024;25;6;F3B;0.0;3.6
PTWE35;2024;25;6;F4B;9157.995;3901.4
PTWE35;2024;25;6;M1;0.0;11300.08
PTWE35;2024;25;6;M2;26784.45;7589.12
PTWE35;2024;25;6;M3;0.0;5687.44
PTWE35;2024;25;6;M8;0.0;11756.856
PTWE35;2024;25;6;RM2400;0.0;4793.1
PTWE35;2024;25;6;RM4500;0.0;7434.24
PTWE35;2024;26;6;F4B;5087.775000000001;2383.3
PTWE35;2024;26;6;FB;0.0;884.0
PTWE35;2024;26;6;M1;0.0;10332.28
PTWE35;2024;26;6;M2;26784.45;7934.08
PTWE35;2024;26;6;M3;0.0;4460.72
PTWE35;2024;26;6;M8;0.0;10484.144
PTWE35;2024;26;6;RM2400;0.0;2180.0
PTWE35;2024;26;6;RM4500;0.0;4526.72
PTWE35;2024;27;7;F4B;8140.440000000001;3408.6
PTWE35;2024;27;7;FB;0.0;881.0
PTWE35;2024;27;7;M1;0.0;11340.12
PTWE35;2024;27;7;M2;35712.600000000006;11151.36
PTWE35;2024;27;7;M3;0.0;10247.6
PTWE35;2024;27;7;M8;0.0;11179.648
PTWE35;2024;27;7;RM2400;0.0;4894.0
PTWE35;2024;27;7;RM4500;0.0;7772.16
PTWE35;2024;28;7;F3B;0.0;673.65
PTWE35;2024;28;7;F4B;10302.6;3076.7
PTWE35;2024;28;7;FB;0.0;270.0
PTWE35;2024;28;7;M1;0.0;10632.64
PTWE35;2024;28;7;M2;28274.4;8521.92
PTWE35;2024;28;7;M3;0.0;5693.6
PTWE35;2024;28;7;M8;0.0;13234.936
PTWE35;2024;28;7;RM2400;0.0;4219.0
PTWE35;2024;28;7;RM4500;0.0;3600.96
PTWE35;2024;29;7;F3B;0.0;1335.15
PTWE35;2024;29;7;F4B;8824.2;3407.6
PTWE35;2024;29;7;FB;0.0;349.0
PTWE35;2024;29;7;M1;0.0;11584.32
PTWE35;2024;29;7;M2;30873.15;8914.4
PTWE35;2024;29;7;M3;0.0;3746.16
PTWE35;2024;29;7;M8;0.0;16479.584
PTWE35;2024;29;7;RM2400;0.0;4196.0
PTWE35;2024;29;7;RM4500;0.0;3541.12
PTWE35;2024;30;7;F3B;0.0;1201.1
PTWE35;2024;30;7;F4B;10799.25;2258.0
PTWE35;2024;30;7;FB;0.0;912.0
PTWE35;2024;30;7;M1;0.0;10499.16
PTWE35;2024;30;7;M2;24047.100000000002;6788.32
PTWE35;2024;30;7;M3;0.0;7115.68
PTWE35;2024;30;7;M8;0.0;11508.728
PTWE35;2024;30;7;RM2400;0.0;3307.5
PTWE35;2024;30;7;RM4500;0.0;3375.68
PTWE35;2024;31;8;F3B;0.0;635.15
PTWE35;2024;31;8;F4B;10695.300000000001;3236.0
PTWE35;2024;31;8;FB;0.0;290.0
PTWE35;2024;31;8;M1;0.0;7700.24
PTWE35;2024;31;8;M2;25109.7;7096.32
PTWE35;2024;31;8;M3;0.0;6269.12
PTWE35;2024;31;8;M8;0.0;12296.064
PTWE35;2024;31;8;RM2400;0.0;3735.5
PTWE35;2024;31;8;RM4500;0.0;1517.12
PTWE35;2024;35;9;F3B;0.0;1426.55
PTWE35;2024;35;9;F4B;9286.2;2577.0
PTWE35;2024;35;9;M1;0.0;12459.92
PTWE35;2024;35;9;M2;28193.550000000003;8932.0
PTWE35;2024;35;9;M3;0.0;8198.08
PTWE35;2024;35;9;M8;0.0;12500.4
PTWE35;2024;35;9;RM2400;0.0;3167.5
PTWE35;2024;35;9;RM4500;0.0;6195.2
PTWE35;2024;36;9;F3B;0.0;975.1
PTWE35;2024;36;9;F4B;10175.550000000001;2291.5
PTWE35;2024;36;9;FB;0.0;195.0
PTWE35;2024;36;9;M1;0.0;9978.8
PTWE35;2024;36;9;M2;30457.350000000002;8479.68
PTWE35;2024;36;9;M3;0.0;7270.56
PTWE35;2024;36;9;M8;0.0;10322.224
PTWE35;2024;36;9;RM2400;0.0;2302.5
PTWE35;2024;36;9;RM4500;0.0;8666.24
PTWE35;2024;37;9;F3B;0.0;1376.05
PTWE35;2024;37;9;F4B;9136.050000000001;2672.9
PTWE35;2024;37;9;FB;0.0;979.0
PTWE35;2024;37;9;M1;0.0;6457.04
PTWE35;2024;37;9;M2;29256.15;8601.119999999999
PTWE35;2024;37;9;M3;0.0;7916.4800000000005
PTWE35;2024;37;9;M8;0.0;12527.416
PTWE35;2024;37;9;RM2400;0.0;2898.6
PTWE35;2024;37;9;RM4500;0.0;5906.5599999999995
PTWE35;2024;38;9;F3B;0.0;908.65
PTWE35;2024;38;9;F4B;10002.300000000001;2455.9
PTWE35;2024;38;9;M1;0.0;9865.68
PTWE35;2024;38;9;M2;30746.100000000002;8870.4
PTWE35;2024;38;9;M3;0.0;7956.96
PTWE35;2024;38;9;M8;0.0;10142.64
PTWE35;2024;38;9;RM2400;0.0;3370.0
PTWE35;2024;38;9;RM4500;0.0;7634.88
PTWE35;2024;39;9;F3B;0.0;697.55
PTWE35;2024;39;9;F4B;13883.1;4212.0
PTWE35;2024;39;9;FB;0.0;136.0
PTWE35;2024;39;9;M1;0.0;10484.32
PTWE35;2024;39;9;M2;35008.05;10010.88
PTWE35;2024;39;9;M3;0.0;10850.4
PTWE35;2024;39;9;M8;0.0;10171.568
PTWE35;2024;39;9;RM2400;0.0;4411.5
PTWE35;2024;39;9;RM4500;0.0;3914.24
PTWE35;2024;40;10;F3B;0.0;920.0
PTWE35;2024;40;10;F4B;12970.650000000001;4835.35
PTWE35;2024;40;10;FB;0.0;56.0
PTWE35;2024;40;10;M1;0.0;10302.16
PTWE35;2024;40;10;M2;39893.700000000004;12165.119999999999
PTWE35;2024;40;10;M3;0.0;6028.0
PTWE35;2024;40;10;M8;0.0;13128.895999999999
PTWE35;2024;40;10;RM2400;0.0;3187.5
PTWE35;2024;40;10;RM4500;0.0;8071.36
PTWE35;2024;41;10;F3B;0.0;543.6
PTWE35;2024;41;10;F4B;13236.300000000001;3223.5
PTWE35;2024;41;10;M1;0.0;7096.32
PTWE35;2024;41;10;M2;33379.5;7476.48
PTWE35;2024;41;10;M3;0.0;7354.16
PTWE35;2024;41;10;M8;0.0;7707.744
PTWE35;2024;41;10;RM2400;0.0;2572.5
PTWE35;2024;41;10;RM4500;0.0;5093.44
PTWE35;2024;42;10;F3B;0.0;707.25
PTWE35;2024;42;10;F4B;12635.7;4202.55
PTWE35;2024;42;10;M1;0.0;7787.12
PTWE35;2024;42;10;M2;27916.350000000002;7729.92
PTWE35;2024;42;10;M3;0.0;8921.44
PTWE35;2024;42;10;M8;0.0;13792.24
PTWE35;2024;42;10;RM2400;0.0;2970.0
PTWE35;2024;42;10;RM4500;0.0;6997.76
PTWE35;2024;43;10;F3B;0.0;812.75
PTWE35;2024;43;10;F4B;10741.5;3879.5
PTWE35;2024;43;10;M1;0.0;7256.2
PTWE35;2024;43;10;M2;22499.4;6336.0
PTWE35;2024;43;10;M3;0.0;6992.4800000000005
PTWE35;2024;43;10;M8;0.0;4130.104
PTWE35;2024;43;10;RM2400;0.0;3425.0
PTWE35;2024;43;10;RM4500;0.0;3241.92
PTWE35;2024;44;11;M1;0.0;1908.32
PTWE35;2024;44;11;M2;0.0;1774.08
PTWE35;2024;44;11;M3;0.0;1446.72
PTWE35;2024;44;11;M8;0.0;2594.24
PTWE35;2024;44;11;RM4500;0.0;816.64
PTWE42 Andrézieux;2023;1;1;Rock6;100251.0;5052.0
PTWE42 Andrézieux;2023;1;1;SAT;157302.0;2096.8
PTWE42 Andrézieux;2023;2;1;Rock6;166424.0;10665.0
PTWE42 Andrézieux;2023;2;1;SAT;263295.0;3556.4
PTWE42 Andrézieux;2023;3;1;Rock6;149399.0;10468.0
PTWE42 Andrézieux;2023;3;1;SAT;228978.0;3473.6
PTWE42 Andrézieux;2023;4;1;Rock6;230935.0;11602.0
PTWE42 Andrézieux;2023;4;1;SAT;334392.0;3868.4
PTWE42 Andrézieux;2023;5;1;Rock6;146610.0;7713.0
PTWE42 Andrézieux;2023;5;1;SAT;160618.0;2714.2
PTWE42 Andrézieux;2023;6;2;Rock6;113640.0;7100.0
PTWE42 Andrézieux;2023;6;2;SAT;144168.0;3648.0
PTWE42 Andrézieux;2023;7;2;Rock6;181051.0;9414.0
PTWE42 Andrézieux;2023;7;2;SAT;160278.0;3502.0
PTWE42 Andrézieux;2023;8;2;Rock6;166079.0;9711.0
PTWE42 Andrézieux;2023;8;2;SAT;143625.0;3469.6
PTWE42 Andrézieux;2023;9;2;Rock6;139006.0;8109.0
PTWE42 Andrézieux;2023;9;2;SAT;11865.0;224.0
PTWE42 Andrézieux;2023;10;3;Rock6;242091.0;9065.0
PTWE42 Andrézieux;2023;10;3;SAT;122250.0;1829.8
PTWE42 Andrézieux;2023;11;3;Rock6;316828.0;11359.0
PTWE42 Andrézieux;2023;11;3;SAT;325883.0;3060.4
PTWE42 Andrézieux;2023;12;3;Rock6;375347.0;11021.0
PTWE42 Andrézieux;2023;12;3;SAT;342867.0;3052.0
PTWE42 Andrézieux;2023;13;3;Rock6;381529.0;13511.0
PTWE42 Andrézieux;2023;13;3;SAT;365934.0;5426.2
PTWE42 Andrézieux;2023;14;4;Rock6;238099.0;12819.0
PTWE42 Andrézieux;2023;14;4;SAT;213429.0;2843.2
PTWE42 Andrézieux;2023;15;4;Rock6;221074.0;12202.0
PTWE42 Andrézieux;2023;15;4;SAT;150323.0;2616.4
PTWE42 Andrézieux;2023;16;4;Rock6;319436.0;13311.0
PTWE42 Andrézieux;2023;16;4;SAT;257480.0;3722.4
PTWE42 Andrézieux;2023;17;4;Rock6;248519.0;10849.0
PTWE42 Andrézieux;2023;17;4;SAT;262713.0;3971.6
PTWE42 Andrézieux;2023;18;4;Rock6;88818.0;5101.0
PTWE42 Andrézieux;2023;18;4;SAT;113724.0;2274.6
PTWE42 Andrézieux;2023;19;5;Rock6;138991.0;8945.0
PTWE42 Andrézieux;2023;19;5;SAT;184572.0;2971.0
PTWE42 Andrézieux;2023;20;5;Rock6;163398.0;7138.0
PTWE42 Andrézieux;2023;20;5;SAT;114078.0;1846.4
PTWE42 Andrézieux;2023;21;5;Rock6;273340.0;12517.0
PTWE42 Andrézieux;2023;21;5;SAT;243957.0;5362.6
PTWE42 Andrézieux;2023;22;5;Rock6;260511.0;11453.0
PTWE42 Andrézieux;2023;22;5;SAT;235866.0;3387.0
PTWE42 Andrézieux;2023;23;6;Rock6;177758.0;10066.0
PTWE42 Andrézieux;2023;23;6;SAT;175924.0;2165.0
PTWE42 Andrézieux;2023;24;6;Rock6;311773.0;14104.0
PTWE42 Andrézieux;2023;24;6;SAT;283705.0;2645.2
PTWE42 Andrézieux;2023;25;6;Rock6;254920.0;13768.0
PTWE42 Andrézieux;2023;25;6;SAT;239661.0;5225.2
PTWE42 Andrézieux;2023;26;6;Rock6;225146.0;9542.0
PTWE42 Andrézieux;2023;26;6;SAT;246474.0;3116.2
PTWE42 Andrézieux;2023;27;7;Rock6;300169.0;16745.0
PTWE42 Andrézieux;2023;27;7;SAT;322589.0;4100.8
PTWE42 Andrézieux;2023;28;7;Rock6;99556.0;5690.0
PTWE42 Andrézieux;2023;28;7;SAT;159843.0;2217.2
PTWE42 Andrézieux;2023;29;7;Rock6;311304.0;11325.0
PTWE42 Andrézieux;2023;29;7;SAT;289903.0;3282.2
PTWE42 Andrézieux;2023;30;7;Rock6;216694.0;10233.0
PTWE42 Andrézieux;2023;30;7;SAT;315348.0;3655.2
PTWE42 Andrézieux;2023;31;7;Rock6;312898.2857142857;13627.0
PTWE42 Andrézieux;2023;31;7;SAT;170341.57142857142;2364.6
PTWE42 Andrézieux;2023;35;8;Rock6;190021.89285714284;9864.0
PTWE42 Andrézieux;2023;35;8;SAT;123321.58928571429;2440.0
PTWE42 Andrézieux;2023;36;9;Rock6;205308.375;9875.0
PTWE42 Andrézieux;2023;36;9;SAT;99879.75;1994.0
PTWE42 Andrézieux;2023;37;9;Rock6;210857.25;8717.0
PTWE42 Andrézieux;2023;37;9;SAT;110977.5;2350.0
PTWE42 Andrézieux;2023;38;9;Rock6;194210.625;8636.0
PTWE42 Andrézieux;2023;38;9;SAT;227503.875;3568.8
PTWE42 Andrézieux;2023;39;9;Rock6;187995.0;10508.0
PTWE42 Andrézieux;2023;39;9;SAT;318544.0;3016.0
PTWE42 Andrézieux;2023;40;10;Rock6;292136.0;13937.0
PTWE42 Andrézieux;2023;40;10;SAT;342765.0;3945.0
PTWE42 Andrézieux;2023;41;10;Rock6;74936.0;5997.0
PTWE42 Andrézieux;2023;41;10;SAT;110076.0;2642.4
PTWE42 Andrézieux;2023;42;10;Rock6;123905.0;7189.0
PTWE42 Andrézieux;2023;42;10;SAT;236358.0;3669.6
PTWE42 Andrézieux;2023;43;10;Rock6;158542.0;14256.0
PTWE42 Andrézieux;2023;43;10;SAT;205656.0;3507.2
PTWE42 Andrézieux;2023;44;10;Rock6;102235.0;6807.0
PTWE42 Andrézieux;2023;44;10;SAT;103872.0;1836.8
PTWE42 Andrézieux;2023;45;11;Rock6;164194.0;8567.0
PTWE42 Andrézieux;2023;45;11;SAT;139222.0;3390.0
PTWE42 Andrézieux;2023;46;11;Rock6;187412.0;9072.0
PTWE42 Andrézieux;2023;46;11;SAT;191569.0;3596.4
PTWE42 Andrézieux;2023;47;11;Rock6;174069.0;10260.0
PTWE42 Andrézieux;2023;47;11;SAT;248748.0;4609.6
PTWE42 Andrézieux;2023;48;11;Rock6;229616.0;11883.0
PTWE42 Andrézieux;2023;48;11;SAT;197786.0;3276.8
PTWE42 Andrézieux;2023;49;12;Rock6;65490.0;2632.0
PTWE42 Andrézieux;2023;49;12;SAT;117882.0;1433.4
PTWE42 Andrézieux;2023;50;12;Rock6;183372.0;7609.0
PTWE42 Andrézieux;2023;50;12;SAT;183372.0;2478.4
PTWE42 Andrézieux;2023;51;12;Rock6;139251.0;8799.0
PTWE42 Andrézieux;2023;51;12;SAT;121708.0;2688.4
PTWE42 Andrézieux;2024;1;1;Rock6;61204.0;7065.0
PTWE42 Andrézieux;2024;1;1;SAT;47296.0;1024.6
PTWE42 Andrézieux;2024;2;1;Rock6;136415.0;11621.0
PTWE42 Andrézieux;2024;2;1;SAT;102666.0;1898.0
PTWE42 Andrézieux;2024;3;1;Rock6;160349.0;8494.0
PTWE42 Andrézieux;2024;3;1;SAT;214733.0;3145.2
PTWE42 Andrézieux;2024;4;1;Rock6;120327.0;6228.0
PTWE42 Andrézieux;2024;4;1;SAT;180330.0;3134.0
PTWE42 Andrézieux;2024;5;2;Rock6;347355.0;10732.0
PTWE42 Andrézieux;2024;5;2;SAT;304722.0;3700.0
PTWE42 Andrézieux;2024;6;2;Rock6;133279.0;8659.0
PTWE42 Andrézieux;2024;6;2;SAT;163161.0;3068.0
PTWE42 Andrézieux;2024;7;2;Rock6;146522.0;8564.0
PTWE42 Andrézieux;2024;7;2;SAT;239274.0;3598.4
PTWE42 Andrézieux;2024;8;2;Rock6;144786.0;7966.0
PTWE42 Andrézieux;2024;8;2;SAT;128629.0;2824.8
PTWE42 Andrézieux;2024;9;3;Rock6;236873.0;9581.0
PTWE42 Andrézieux;2024;9;3;SAT;175230.0;2102.6
PTWE42 Andrézieux;2024;10;3;Rock6;249438.0;11106.0
PTWE42 Andrézieux;2024;10;3;SAT;269874.0;3370.8
PTWE42 Andrézieux;2024;11;3;Rock6;175161.0;7941.0
PTWE42 Andrézieux;2024;11;3;SAT;132776.0;2677.6
PTWE42 Andrézieux;2024;12;3;Rock6;152434.0;7392.0
PTWE42 Andrézieux;2024;12;3;SAT;149580.0;3360.0
PTWE42 Andrézieux;2024;13;3;Rock6;324200.0;11396.0
PTWE42 Andrézieux;2024;13;3;SAT;219444.0;3610.0
PTWE42 Andrézieux;2024;14;4;Rock6;232099.0;9300.0
PTWE42 Andrézieux;2024;14;4;SAT;164166.0;3510.0
PTWE42 Andrézieux;2024;15;4;Rock6;123132.0;6277.0
PTWE42 Andrézieux;2024;15;4;SAT;170616.0;2641.2
PTWE42 Andrézieux;2024;16;4;Rock6;180205.0;8836.0
PTWE42 Andrézieux;2024;16;4;SAT;251415.0;3165.4
PTWE42 Andrézieux;2024;17;4;Rock6;140710.0;6461.0
PTWE42 Andrézieux;2024;17;4;SAT;164838.0;2740.2
PTWE42 Andrézieux;2024;18;5;Rock6;128367.0;7158.0
PTWE42 Andrézieux;2024;18;5;SAT;181224.0;3129.8
PTWE42 Andrézieux;2024;19;5;Rock6;30204.0;1092.0
PTWE42 Andrézieux;2024;19;5;SAT;67959.0;740.8
PTWE42 Andrézieux;2024;20;5;Rock6;264285.0;9826.0
PTWE42 Andrézieux;2024;20;5;SAT;241632.0;3477.4
PTWE42 Andrézieux;2024;21;5;Rock6;264285.0;10935.0
PTWE42 Andrézieux;2024;21;5;SAT;166122.0;2550.0
PTWE42 Andrézieux;2024;22;6;Rock6;378693.0;14658.0
PTWE42 Andrézieux;2024;22;6;SAT;331836.0;4536.4
PTWE42 Andrézieux;2024;23;6;Rock6;274684.0;10914.0
PTWE42 Andrézieux;2024;23;6;SAT;226671.0;3761.6
PTWE42 Andrézieux;2024;24;6;Rock6;227032.0;8062.0
PTWE42 Andrézieux;2024;24;6;SAT;261313.0;3742.6
PTWE42 Andrézieux;2024;25;6;Rock6;219032.0;9135.0
PTWE42 Andrézieux;2024;25;6;SAT;263250.0;3271.0
PTWE42 Andrézieux;2024;26;6;Rock6;151027.0;7806.0
PTWE42 Andrézieux;2024;26;6;SAT;226971.0;2941.0
PTWE42 Andrézieux;2024;27;7;Rock6;64121.0;4147.0
PTWE42 Andrézieux;2024;27;7;SAT;130878.0;3844.0
PTWE42 Andrézieux;2024;28;7;Rock6;79612.0;4339.0
PTWE42 Andrézieux;2024;28;7;SAT;104722.0;2801.0
PTWE42 Andrézieux;2024;29;7;Rock6;106317.0;4940.0
PTWE42 Andrézieux;2024;29;7;SAT;170750.0;2905.8
PTWE42 Andrézieux;2024;30;7;Rock6;90702.0;5695.0
PTWE42 Andrézieux;2024;30;7;SAT;251558.0;3793.6
PTWE42 Andrézieux;2024;31;8;Rock6;5856.0;689.0
PTWE42 Andrézieux;2024;31;8;SAT;98128.0;2384.8
PTWE42 Andrézieux;2024;35;9;Rock6;70564.0;6221.0
PTWE42 Andrézieux;2024;35;9;SAT;136584.0;1920.8
PTWE42 Andrézieux;2024;36;9;Rock6;67911.0;4351.0
PTWE42 Andrézieux;2024;36;9;SAT;239394.0;2463.0
PTWE42 Andrézieux;2024;37;9;Rock6;76151.0;4344.0
PTWE42 Andrézieux;2024;37;9;SAT;380008.0;2873.0
PTWE42 Andrézieux;2024;38;9;Rock6;88941.0;7043.0
PTWE42 Andrézieux;2024;38;9;SAT;386341.0;2081.0
PTWE42 Andrézieux;2024;39;9;Rock6;142426.0;7832.0
PTWE42 Andrézieux;2024;39;9;SAT;351954.0;2770.0
PTWE42 Andrézieux;2024;40;10;Rock6;109329.0;8591.0
PTWE42 Andrézieux;2024;40;10;SAT;224786.0;3200.0
PTWE42 Andrézieux;2024;41;10;Rock6;115162.0;10586.0
PTWE42 Andrézieux;2024;41;10;SAT;138216.0;1936.0
PTWE42 Andrézieux;2024;42;10;Rock6;107014.0;6125.0
PTWE42 Andrézieux;2024;42;10;SAT;179471.0;2248.4
PTWE42 Andrézieux;2024;43;10;Rock6;47375.0;3368.0
PTWE42 Andrézieux;2024;43;10;SAT;107925.0;1855.6
PTWE42 Andrézieux;2024;44;11;Rock6;10386.0;554.0
PTWE42 Andrézieux;2024;44;11;SAT;27696.0;358.8
PTWE49;2023;1;1;R1;0.0;2049.52
PTWE49;2023;1;1;R2;0.0;1393.92
PTWE49;2023;1;1;R3;0.0;2750.088
PTWE49;2023;1;1;R4;0.0;2423.52
PTWE49;2023;2;1;R1;0.0;5063.52
PTWE49;2023;2;1;R2;0.0;5955.84
PTWE49;2023;2;1;R3;0.0;8535.296
PTWE49;2023;2;1;R4;0.0;8553.6
PTWE49;2023;3;1;R1;0.0;5907.4400000000005
PTWE49;2023;3;1;R2;0.0;7603.2
PTWE49;2023;3;1;R3;0.0;10342.992
PTWE49;2023;3;1;R4;0.0;8594.08
PTWE49;2023;4;1;R1;0.0;7715.84
PTWE49;2023;4;1;R2;0.0;8616.96
PTWE49;2023;4;1;R3;0.0;8865.384
PTWE49;2023;4;1;R4;0.0;8935.52
PTWE49;2023;5;1;R1;0.0;4942.96
PTWE49;2023;5;1;R2;0.0;5322.24
PTWE49;2023;5;1;R3;0.0;2644.048
PTWE49;2023;5;1;R4;0.0;7668.32
PTWE49;2023;6;2;R1;0.0;10127.04
PTWE49;2023;6;2;R2;0.0;7476.48
PTWE49;2023;6;2;R3;0.0;4453.24
PTWE49;2023;6;2;R4;0.0;10454.400000000001
PTWE49;2023;7;2;R1;0.0;10247.6
PTWE49;2023;7;2;R2;0.0;2661.12
PTWE49;2023;7;2;R3;0.0;9820.624
PTWE49;2023;7;2;R4;0.0;10090.08
PTWE49;2023;8;2;R1;0.0;4942.96
PTWE49;2023;8;2;R2;0.0;9757.439999999999
PTWE49;2023;8;2;R3;0.0;6530.4800000000005
PTWE49;2023;8;2;R4;0.0;9500.48
PTWE49;2023;9;2;R1;0.0;3978.48
PTWE49;2023;9;2;R2;0.0;4308.48
PTWE49;2023;9;2;R3;0.0;7300.128
PTWE49;2023;9;2;R4;0.0;7295.2
PTWE49;2023;10;3;R1;0.0;7354.16
PTWE49;2023;10;3;R2;0.0;10391.04
PTWE49;2023;10;3;R3;0.0;7759.4
PTWE49;2023;10;3;R4;0.0;7874.24
PTWE49;2023;11;3;R1;0.0;10006.48
PTWE49;2023;11;3;R2;0.0;9757.439999999999
PTWE49;2023;11;3;R3;0.0;7480.0
PTWE49;2023;11;3;R4;0.0;6272.639999999999
PTWE49;2023;12;3;R1;0.0;9765.36
PTWE49;2023;12;3;R2;0.0;8490.24
PTWE49;2023;12;3;R3;0.0;7893.6
PTWE49;2023;12;3;R4;0.0;6198.719999999999
PTWE49;2023;13;3;R1;0.0;8439.199999999999
PTWE49;2023;13;3;R2;0.0;7856.639999999999
PTWE49;2023;13;3;R3;0.0;9785.6
PTWE49;2023;13;3;R4;0.0;8701.44
PTWE49;2023;14;4;R1;0.0;3737.3599999999997
PTWE49;2023;14;4;R2;0.0;4308.48
PTWE49;2023;14;4;R3;0.0;5050.0560000000005
PTWE49;2023;14;4;R4;0.0;7950.8
PTWE49;2023;15;4;R1;0.0;5786.88
PTWE49;2023;15;4;R2;0.0;5575.68
PTWE49;2023;15;4;R3;0.0;8388.072
PTWE49;2023;15;4;R4;0.0;5737.599999999999
PTWE49;2023;16;4;R1;0.0;4581.28
PTWE49;2023;16;4;R2;0.0;9377.279999999999
PTWE49;2023;16;4;R3;0.0;6500.2080000000005
PTWE49;2023;16;4;R4;0.0;9071.04
PTWE49;2023;17;4;R1;0.0;7474.719999999999
PTWE49;2023;17;4;R2;0.0;7096.32
PTWE49;2023;17;4;R3;0.0;8470.44
PTWE49;2023;17;4;R4;0.0;8493.76
PTWE49;2023;18;4;R1;0.0;5786.879999999999
PTWE49;2023;18;4;R2;0.0;5195.52
PTWE49;2023;18;4;R3;0.0;6300.096
PTWE49;2023;18;4;R4;0.0;6184.64
PTWE49;2023;19;5;R1;0.0;6751.36
PTWE49;2023;19;5;R2;0.0;7856.639999999999
PTWE49;2023;19;5;R3;0.0;8225.184
PTWE49;2023;19;5;R4;0.0;8451.52
PTWE49;2023;20;5;R1;0.0;6269.12
PTWE49;2023;20;5;R2;0.0;5322.24
PTWE49;2023;20;5;R3;0.0;5130.488
PTWE49;2023;20;5;R4;0.0;5709.4400000000005
PTWE49;2023;21;5;R1;0.0;8559.76
PTWE49;2023;21;5;R2;0.0;11531.52
PTWE49;2023;21;5;R3;0.0;9310.84
PTWE49;2023;21;5;R4;0.0;8842.24
PTWE49;2023;22;5;R1;0.0;11826.32
PTWE49;2023;22;5;R2;0.0;1774.08
PTWE49;2023;22;5;R3;0.0;9000.288
PTWE49;2023;22;5;R4;0.0;9363.199999999999
PTWE49;2023;23;6;R1;0.0;6630.799999999999
PTWE49;2023;23;6;R2;0.0;6462.719999999999
PTWE49;2023;23;6;R3;0.0;4500.144
PTWE49;2023;23;6;R4;0.0;8351.199999999999
PTWE49;2023;24;6;R1;0.0;9042.0
PTWE49;2023;24;6;R2;0.0;9250.56
PTWE49;2023;24;6;R3;0.0;9586.544
PTWE49;2023;24;6;R4;0.0;11286.88
PTWE49;2023;25;6;R1;0.0;15891.039999999999
PTWE49;2023;25;6;R2;0.0;253.44
PTWE49;2023;25;6;R3;0.0;9025.632
PTWE49;2023;25;6;R4;0.0;9891.2
PTWE49;2023;26;6;R1;0.0;13884.64
PTWE49;2023;26;6;R3;0.0;6300.096
PTWE49;2023;26;6;R4;0.0;8472.64
PTWE49;2023;27;7;R1;0.0;12009.36
PTWE49;2023;27;7;R2;0.0;10137.6
PTWE49;2023;27;7;R3;0.0;7980.72
PTWE49;2023;27;7;R4;0.0;12328.8
PTWE49;2023;28;7;R1;0.0;6389.679999999999
PTWE49;2023;28;7;R2;0.0;6842.88
PTWE49;2023;28;7;R3;0.0;6200.48
PTWE49;2023;28;7;R4;0.0;4917.44
PTWE49;2023;29;7;R1;0.0;7956.96
PTWE49;2023;29;7;R2;0.0;9504.0
PTWE49;2023;29;7;R3;0.0;8840.568
PTWE49;2023;29;7;R4;0.0;10809.92
PTWE49;2023;30;7;R1;0.0;4460.719999999999
PTWE49;2023;30;7;R2;0.0;3928.32
PTWE49;2023;30;7;R3;0.0;8576.744
PTWE49;2023;30;7;R4;0.0;9834.88
PTWE49;2023;31;7;R1;0.0;2893.44
PTWE49;2023;31;7;R2;0.0;3294.72
PTWE49;2023;31;7;R3;0.0;8657.088
PTWE49;2023;31;7;R4;0.0;8851.039999999999
PTWE49;2023;35;8;R1;0.0;6751.36
PTWE49;2023;35;8;R2;0.0;6842.88
PTWE49;2023;35;8;R3;0.0;7180.8
PTWE49;2023;35;8;R4;0.0;8696.16
PTWE49;2023;36;9;R1;0.0;4942.96
PTWE49;2023;36;9;R2;0.0;5322.24
PTWE49;2023;36;9;R3;0.0;3844.456
PTWE49;2023;36;9;R4;0.0;7270.5599999999995
PTWE49;2023;37;9;R1;0.0;5786.88
PTWE49;2023;37;9;R2;0.0;4561.92
PTWE49;2023;37;9;R3;0.0;10699.304
PTWE49;2023;37;9;R4;0.0;7788.0
PTWE49;2023;38;9;R1;0.0;5545.76
PTWE49;2023;38;9;R2;0.0;7983.36
PTWE49;2023;38;9;R3;0.0;8705.312
PTWE49;2023;38;9;R4;0.0;13090.88
PTWE49;2023;39;9;R1;0.0;9644.8
PTWE49;2023;39;9;R2;0.0;9504.0
PTWE49;2023;39;9;R3;0.0;7275.576
PTWE49;2023;39;9;R4;0.0;4970.24
PTWE49;2023;40;10;R1;0.0;12538.24
PTWE49;2023;40;10;R2;0.0;13178.88
PTWE49;2023;40;10;R3;0.0;7110.576
PTWE49;2023;40;10;R4;0.0;4338.4
PTWE49;2023;41;10;R1;0.0;4219.599999999999
PTWE49;2023;41;10;R2;0.0;3928.3199999999997
PTWE49;2023;41;10;R3;0.0;4521.088
PTWE49;2023;41;10;R4;0.0;6406.4
PTWE49;2023;42;10;R1;0.0;9403.68
PTWE49;2023;42;10;R2;0.0;7729.92
PTWE49;2023;42;10;R3;0.0;6644.7919999999995
PTWE49;2023;42;10;R4;0.0;9363.199999999999
PTWE49;2023;43;10;R1;0.0;7233.599999999999
PTWE49;2023;43;10;R2;0.0;8236.8
PTWE49;2023;43;10;R3;0.0;8321.104
PTWE49;2023;43;10;R4;0.0;6556.0
PTWE49;2023;44;10;R1;0.0;1205.6
PTWE49;2023;44;10;R2;0.0;4181.76
PTWE49;2023;44;10;R3;0.0;5055.072
PTWE49;2023;44;10;R4;0.0;5125.12
PTWE49;2023;45;11;R1;0.0;6510.24
PTWE49;2023;45;11;R2;0.0;7856.639999999999
PTWE49;2023;45;11;R3;0.0;8720.448
PTWE49;2023;45;11;R4;0.0;8859.84
PTWE49;2023;46;11;R1;0.0;3978.48
PTWE49;2023;46;11;R2;0.0;4308.48
PTWE49;2023;46;11;R3;0.0;8489.096
PTWE49;2023;46;11;R4;0.0;8374.08
PTWE49;2023;47;11;R1;0.0;3616.7999999999997
PTWE49;2023;47;11;R2;0.0;2407.68
PTWE49;2023;47;11;R3;0.0;4086.8959999999997
PTWE49;2023;47;11;R4;0.0;5764.0
PTWE49;2023;48;11;R1;0.0;2772.88
PTWE49;2023;48;11;R2;0.0;3548.16
PTWE49;2023;48;11;R3;0.0;8005.36
PTWE49;2023;48;11;R4;0.0;8500.8
PTWE49;2023;49;12;R1;0.0;2772.88
PTWE49;2023;49;12;R2;0.0;1393.92
PTWE49;2023;49;12;R3;0.0;7753.24
PTWE49;2023;49;12;R4;0.0;7981.599999999999
PTWE49;2023;50;12;R1;0.0;3255.12
PTWE49;2023;50;12;R2;0.0;3421.44
PTWE49;2023;50;12;R3;0.0;8006.416
PTWE49;2023;50;12;R4;0.0;9704.64
PTWE49;2023;51;12;R1;0.0;2531.7599999999998
PTWE49;2023;51;12;R2;0.0;1774.08
PTWE49;2023;51;12;R3;0.0;6080.624
PTWE49;2023;51;12;R4;0.0;6200.48
PTWE49;2024;1;1;R1;0.0;4219.599999999999
PTWE49;2024;1;1;R2;0.0;2661.12
PTWE49;2024;1;1;R3;0.0;2030.336
PTWE49;2024;1;1;R4;0.0;6857.84
PTWE49;2024;2;1;R1;0.0;4099.04
PTWE49;2024;2;1;R2;0.0;5195.5199999999995
PTWE49;2024;2;1;R3;0.0;7233.248
PTWE49;2024;2;1;R4;0.0;3669.6
PTWE49;2024;3;1;R1;0.0;5063.5199999999995
PTWE49;2024;3;1;R2;0.0;8743.68
PTWE49;2024;3;1;R3;0.0;7599.24
PTWE49;2024;3;1;R4;0.0;6079.04
PTWE49;2024;4;1;R1;0.0;6630.799999999999
PTWE49;2024;4;1;R2;0.0;7856.639999999999
PTWE49;2024;4;1;R3;0.0;2790.216
PTWE49;2024;4;1;R4;0.0;5579.2
PTWE49;2024;5;2;R1;0.0;8318.64
PTWE49;2024;5;2;R2;0.0;8490.24
PTWE49;2024;5;2;R3;0.0;4230.072
PTWE49;2024;5;2;R4;0.0;7260.0
PTWE49;2024;6;2;R1;0.0;2531.7599999999998
PTWE49;2024;6;2;R2;0.0;2661.12
PTWE49;2024;6;2;R3;0.0;5250.168
PTWE49;2024;6;2;R4;0.0;6343.04
PTWE49;2024;7;2;R1;0.0;5304.639999999999
PTWE49;2024;7;2;R2;0.0;4942.08
PTWE49;2024;7;2;R3;0.0;4325.024
PTWE49;2024;7;2;R4;0.0;6292.0
PTWE49;2024;8;2;R1;0.0;4460.72
PTWE49;2024;8;2;R2;0.0;3928.32
PTWE49;2024;8;2;R3;0.0;5160.408
PTWE49;2024;8;2;R4;0.0;2764.96
PTWE49;2024;9;3;R1;0.0;4822.4
PTWE49;2024;9;3;R2;0.0;6716.16
PTWE49;2024;9;3;R3;0.0;5730.648
PTWE49;2024;10;3;R1;0.0;6510.24
PTWE49;2024;10;3;R2;15533.07999999985;6589.4400000000005
PTWE49;2024;10;3;R3;0.0;2746.04
PTWE49;2024;10;3;R4;0.0;1460.8
PTWE49;2024;11;3;R1;0.0;7233.599999999999
PTWE49;2024;11;3;R2;27647.0319999999;7349.76
PTWE49;2024;11;3;R3;0.0;2244.0
PTWE49;2024;11;3;R4;0.0;2423.52
PTWE49;2024;12;3;R1;0.0;12417.68
PTWE49;2024;12;3;R2;41470.54799999984;12165.119999999999
PTWE49;2024;12;3;R3;0.0;5430.216
PTWE49;2024;12;3;R4;0.0;4347.2
PTWE49;2024;13;3;R1;0.0;11453.199999999999
PTWE49;2024;13;3;R2;42225.1;12291.84
PTWE49;2024;13;3;R3;0.0;8670.288
PTWE49;2024;13;3;R4;0.0;3704.8
PTWE49;2024;14;4;R1;0.0;9283.119999999999
PTWE49;2024;14;4;R2;21284.7400000003;9504.0
PTWE49;2024;14;4;R3;0.0;5790.312
PTWE49;2024;14;4;R4;0.0;7432.48
PTWE49;2024;15;4;R1;0.0;8198.08
PTWE49;2024;15;4;R2;32227.8;8363.52
PTWE49;2024;15;4;R3;0.0;4540.624
PTWE49;2024;15;4;R4;0.0;7267.04
PTWE49;2024;16;4;R1;0.0;9801.0
PTWE49;2024;16;4;R2;36134.2;10668.0
PTWE49;2024;16;4;R3;0.0;5220.0
PTWE49;2024;16;4;R4;0.0;6069.0
PTWE49;2024;17;4;R1;0.0;8712.0
PTWE49;2024;17;4;R2;29796.57999999985;9398.0
PTWE49;2024;17;4;R3;0.0;5110.0
PTWE49;2024;17;4;R4;0.0;4737.0
PTWE49;2024;18;5;R1;0.0;4840.0
PTWE49;2024;18;5;R2;8812.52999999985;4191.0
PTWE49;2024;18;5;R3;0.0;6325.0
PTWE49;2024;18;5;R4;0.0;2431.0
PTWE49;2024;19;5;R1;0.0;847.0
PTWE49;2024;19;5;R2;5715.680000000224;889.0
PTWE49;2024;19;5;R3;0.0;825.0
PTWE49;2024;19;5;R4;0.0;1287.0
PTWE49;2024;20;5;R1;0.0;5687.0
PTWE49;2024;20;5;R2;27681.469999999776;7620.0
PTWE49;2024;20;5;R3;0.0;4575.0
PTWE49;2024;20;5;R4;0.0;3150.0
PTWE49;2024;21;5;R1;0.0;4961.0
PTWE49;2024;21;5;R2;23798.2;7112.0
PTWE49;2024;21;5;R3;0.0;4960.0
PTWE49;2024;21;5;R4;0.0;3931.0
PTWE49;2024;22;6;R1;0.0;7865.0
PTWE49;2024;22;6;R2;19249.3;8128.0
PTWE49;2024;22;6;R3;0.0;5575.0
PTWE49;2024;22;6;R4;0.0;7677.0
PTWE49;2024;23;6;R1;0.0;5808.0
PTWE49;2024;23;6;R2;19904.649999999998;4064.0
PTWE49;2024;23;6;R3;0.0;5300.0
PTWE49;2024;23;6;R4;0.0;5250.0
PTWE49;2024;24;6;R1;0.0;8228.0
PTWE49;2024;24;6;R2;28819.980000000225;8509.0
PTWE49;2024;24;6;R3;0.0;5610.0
PTWE49;2024;24;6;R4;0.0;5148.0
PTWE49;2024;25;6;R1;0.0;7381.0
PTWE49;2024;25;6;R2;23225.089999999924;6985.0
PTWE49;2024;25;6;R3;0.0;4500.0
PTWE49;2024;25;6;R4;0.0;6645.0
PTWE49;2024;26;6;R1;0.0;4477.0
PTWE49;2024;26;6;R2;17067.370000000148;6858.0
PTWE49;2024;26;6;R3;0.0;7650.0
PTWE49;2024;26;6;R4;0.0;7175.0
PTWE49;2024;27;7;R1;0.0;5808.0
PTWE49;2024;27;7;R2;20863.2599999997;6604.0
PTWE49;2024;27;7;R3;0.0;8880.0
PTWE49;2024;27;7;R4;0.0;7067.0
PTWE49;2024;28;7;R1;0.0;4719.0
PTWE49;2024;28;7;R2;22132.8400000003;6350.0
PTWE49;2024;28;7;R3;0.0;5150.0
PTWE49;2024;28;7;R4;0.0;3610.0
PTWE49;2024;29;7;R1;0.0;7502.0
PTWE49;2024;29;7;R2;27874.219999999776;7874.0
PTWE49;2024;29;7;R3;0.0;3500.0
PTWE49;2024;29;7;R4;0.0;6160.0
PTWE49;2024;30;7;R1;0.0;9680.0
PTWE49;2024;30;7;R2;29616.680000000222;8001.0
PTWE49;2024;30;7;R3;0.0;2050.0
PTWE49;2024;30;7;R4;0.0;6167.0
PTWE49;2024;31;8;R1;0.0;2299.0
PTWE49;2024;31;8;R2;5964.969999999776;2667.0
PTWE49;2024;31;8;R3;0.0;9600.0
PTWE49;2024;31;8;R4;0.0;5368.0
PTWE49;2024;35;9;R1;0.0;7744.0
PTWE49;2024;35;9;R2;27483.580000000224;6985.0
PTWE49;2024;35;9;R3;0.0;9085.0
PTWE49;2024;35;9;R4;0.0;7646.0
PTWE49;2024;36;9;R1;0.0;6013.0
PTWE49;2024;36;9;R2;23885.57999999985;6054.0
PTWE49;2024;36;9;R3;0.0;5440.0
PTWE49;2024;36;9;R4;0.0;5075.0
PTWE49;2024;37;9;R1;0.0;8763.0
PTWE49;2024;37;9;R2;34581.92000000015;10648.0
PTWE49;2024;37;9;R3;0.0;4780.0
PTWE49;2024;37;9;R4;0.0;4465.0
PTWE49;2024;38;9;R1;0.0;8636.0
PTWE49;2024;38;9;R2;34031.93999999955;7986.0
PTWE49;2024;38;9;R4;0.0;8040.0
PTWE49;2024;39;9;R1;0.0;4699.0
PTWE49;2024;39;9;R2;26658.610000000448;8712.0
PTWE49;2024;39;9;R3;0.0;4250.0
PTWE49;2024;39;9;R4;0.0;2323.0
PTWE49;2024;40;10;R1;0.0;6604.0
PTWE49;2024;40;10;R2;25239.97000000015;7260.0
PTWE49;2024;40;10;R3;0.0;5050.0
PTWE49;2024;40;10;R4;0.0;4622.0
PTWE49;2024;41;10;R1;0.0;4445.0
PTWE49;2024;41;10;R2;26491.5599999997;7744.0
PTWE49;2024;41;10;R3;0.0;8190.0
PTWE49;2024;41;10;R4;0.0;4840.0
PTWE49;2024;42;10;R1;0.0;9144.0
PTWE49;2024;42;10;R2;24016.649999999998;8591.0
PTWE49;2024;42;10;R3;0.0;8340.0
PTWE49;2024;42;10;R4;0.0;7548.0
PTWE49;2024;43;10;R1;0.0;5461.0
PTWE49;2024;43;10;R2;18578.52999999985;5324.0
PTWE49;2024;43;10;R3;0.0;4500.0
PTWE49;2024;43;10;R4;0.0;5365.0
PTWE49;2024;44;11;R2;15944.27999999985;0.0
PTWE49;2024;45;11;R2;26368.2;0.0
PTWE49;2024;46;11;R2;21580.2900000003;0.0
PTWE89;2023;1;1;PRM3200;5344.194179792393;801.7
PTWE89;2023;1;1;SRM5000;13930.520429855564;4410.0
PTWE89;2023;2;1;PRM3200;5344.194179792387;613.1
PTWE89;2023;2;1;SRM5000;13930.520429855565;0.0
PTWE89;2023;3;1;PRM3200;5344.194179792393;614.9
PTWE89;2023;3;1;SRM5000;13930.520429855564;0.0
PTWE89;2023;4;1;PRM3200;821.7151882675389;504.1
PTWE89;2023;4;1;SRM5000;16352.006708640909;13236.0
PTWE89;2023;5;1;PRM3200;6179.044350274925;340.0
PTWE89;2023;5;1;SRM5000;6087.541182136493;0.0
PTWE89;2023;6;2;PRM3200;6179.044350274925;449.4
PTWE89;2023;6;2;SRM5000;6087.541182136493;2475.0
PTWE89;2023;7;2;PRM3200;7338.805160468517;350.95
PTWE89;2023;7;2;SRM5000;14788.362631153368;4105.0
PTWE89;2023;8;2;PRM3200;0.0;111.0
PTWE89;2023;8;2;SRM5000;0.0;4130.0
PTWE89;2023;9;2;SRM5000;0.0;3290.0
PTWE89;2023;10;3;PRM3200;0.0;468.0
PTWE89;2023;10;3;SRM5000;0.0;5548.0
PTWE89;2023;11;3;PRM3200;4564.696916661894;233.70000000000002
PTWE89;2023;11;3;SRM5000;15365.418433880037;4052.0
PTWE89;2023;12;3;PRM3200;6430.329346313623;618.4
PTWE89;2023;12;3;SRM5000;15287.724432884448;5930.0
PTWE89;2023;13;3;PRM3200;6382.903923802851;506.64
PTWE89;2023;13;3;SRM5000;15120.34058872878;3170.0
PTWE89;2023;14;4;PRM3200;7092.890396096481;164.2
PTWE89;2023;14;4;SRM5000;16379.90401600019;4290.0
PTWE89;2023;15;4;PRM3200;4865.290403458116;579.02
PTWE89;2023;15;4;SRM5000;12272.583453493662;3540.0
PTWE89;2023;16;4;PRM3200;6085.797600426538;0.0
PTWE89;2023;16;4;SRM5000;15340.729316867079;0.0
PTWE89;2023;17;4;PRM3200;6950.614128564161;814.4
PTWE89;2023;17;4;SRM5000;16908.55799045851;9120.0
PTWE89;2023;18;4;PRM3200;0.0;267.3
PTWE89;2023;18;4;SRM5000;0.0;3480.0
PTWE89;2023;19;5;PRM3200;0.0;189.0
PTWE89;2023;19;5;SRM5000;0.0;2970.0
PTWE89;2023;20;5;PRM3200;4882.0287878736835;835.6
PTWE89;2023;20;5;SRM5000;7880.989328996089;3054.0
PTWE89;2023;21;5;PRM3200;6507.046941551636;233.3
PTWE89;2023;21;5;SRM5000;13097.78580518111;2960.0
PTWE89;2023;22;5;PRM3200;4371.508063198892;156.9
PTWE89;2023;22;5;SRM5000;15918.203579204135;0.0
PTWE89;2023;23;6;PRM3200;7804.271733758073;824.3
PTWE89;2023;23;6;SRM5000;15650.389428555067;4625.0
PTWE89;2023;24;6;PRM3200;8139.0394220694125;934.2
PTWE89;2023;24;6;SRM5000;16294.817228554391;8000.0
PTWE89;2023;25;6;PRM3200;4287.816141121058;271.5
PTWE89;2023;25;6;SRM5000;10592.60760431793;3312.0
PTWE89;2023;26;6;PRM3200;7953.5223281302115;821.4
PTWE89;2023;26;6;SRM5000;14899.951860590483;3964.0
PTWE89;2023;27;7;PRM3200;6300.606867092978;58.2
PTWE89;2023;27;7;SRM5000;16766.281722926193;4350.0
PTWE89;2023;28;7;PRM3200;0.0;460.70000000000005
PTWE89;2023;28;7;SRM5000;0.0;3770.0
PTWE89;2023;29;7;PRM3200;0.0;977.0
PTWE89;2023;29;7;SRM5000;0.0;6990.0
PTWE89;2023;30;7;PRM3200;0.0;626.18
PTWE89;2023;30;7;SRM5000;0.0;4885.0
PTWE89;2023;31;7;PRM3200;0.0;851.8399999999999
PTWE89;2023;35;8;PRM3200;0.0;657.74
PTWE89;2023;35;8;SRM5000;0.0;5440.0
PTWE89;2023;36;9;PRM3200;0.0;1150.96
PTWE89;2023;36;9;SRM5000;0.0;5034.0
PTWE89;2023;37;9;PRM3200;7896.332848043692;755.86
PTWE89;2023;37;9;SRM5000;16237.627748467869;5760.0
PTWE89;2023;38;9;PRM3200;0.0;383.18
PTWE89;2023;38;9;SRM5000;0.0;4870.0
PTWE89;2023;39;9;PRM3200;0.0;254.64000000000001
PTWE89;2023;39;9;SRM5000;0.0;3145.0
PTWE89;2023;40;10;PRM3200;7383.022392632972;359.32
PTWE89;2023;40;10;SRM5000;12555.183177043149;3700.0
PTWE89;2023;41;10;PRM3200;7964.681251073924;636.4
PTWE89;2023;41;10;SRM5000;17087.10075755789;6240.0
PTWE89;2023;42;10;PRM3200;8006.527212112841;752.44
PTWE89;2023;42;10;SRM5000;17101.04941123753;6260.0
PTWE89;2023;43;10;PRM3200;7058.018761897381;369.24
PTWE89;2023;43;10;SRM5000;16682.58980084836;4130.0
PTWE89;2023;44;10;PRM3200;4947.587460167987;289.18
PTWE89;2023;44;10;SRM5000;11577.382554100448;3540.0
PTWE89;2023;45;11;PRM3200;8104.167787870314;557.74
PTWE89;2023;45;11;SRM5000;9568.77642423242;3080.0
PTWE89;2023;46;11;PRM3200;5328.385705622134;1045.48
PTWE89;2023;46;11;SRM5000;11647.125822498645;4292.0
PTWE89;2023;47;11;PRM3200;7108.233915144083;667.4
PTWE89;2023;47;11;SRM5000;16110.694999983154;4890.0
PTWE89;2023;48;11;PRM3200;7350.940489169803;639.52
PTWE89;2023;48;11;SRM5000;12776.96677054941;3920.0
PTWE89;2023;49;12;PRM3200;6721.85620821808;234.96
PTWE89;2023;49;12;SRM5000;14247.154868383372;3810.0
PTWE89;2023;50;12;PRM3200;8547.734974882836;379.36
PTWE89;2023;50;12;SRM5000;12177.174662324933;3078.0
PTWE89;2023;51;12;PRM3200;7267.248567091969;151.26
PTWE89;2023;51;12;SRM5000;13809.167142842703;600.0
PTWE89;2024;1;1;PRM3200;3802.402993069618;0.0
PTWE89;2024;1;1;SRM5000;6805.548130295914;0.0
PTWE89;2024;2;1;PRM3200;8800.205606484305;379.15999999999997
PTWE89;2024;2;1;SRM5000;15261.221990893133;5420.0
PTWE89;2024;3;1;PRM3200;8296.659208649333;1008.6
PTWE89;2024;3;1;SRM5000;16199.966383532847;6075.0
PTWE89;2024;4;1;PRM3200;6589.343998261508;902.22
PTWE89;2024;4;1;SRM5000;12764.412982237734;4880.0
PTWE89;2024;5;2;PRM3200;7811.246060597893;632.42
PTWE89;2024;5;2;SRM5000;16180.43826838135;5600.0
PTWE89;2024;6;2;PRM3200;7982.814500857453;507.56
PTWE89;2024;6;2;SRM5000;16816.496876172892;5300.0
PTWE89;2024;7;2;PRM3200;7963.286385705959;922.46
PTWE89;2024;7;2;SRM5000;16329.688862753488;6450.0
PTWE89;2024;8;2;PRM3200;7964.681251073924;621.74
PTWE89;2024;8;2;SRM5000;16319.924805177743;1180.0
PTWE89;2024;9;3;PRM3200;8176.700787004438;1015.0
PTWE89;2024;9;3;SRM5000;15999.105770546043;2918.0
PTWE89;2024;10;3;PRM3200;5858.434545448419;368.34
PTWE89;2024;10;3;SRM5000;16229.258556260087;5040.0
PTWE89;2024;11;3;PRM3200;8090.219134190675;553.0
PTWE89;2024;11;3;SRM5000;15803.824619031095;5040.0
PTWE89;2024;12;3;PRM3200;8353.848688735852;382.46
PTWE89;2024;12;3;SRM5000;15584.83075626076;4299.0
PTWE89;2024;13;3;PRM3200;6290.842809517233;397.6
PTWE89;2024;13;3;SRM5000;16013.054424225682;2275.0
PTWE89;2024;14;4;PRM3200;0.0;301.76
PTWE89;2024;14;4;SRM5000;0.0;4250.0
PTWE89;2024;15;4;PRM3200;0.0;1053.76
PTWE89;2024;15;4;SRM5000;0.0;4920.0
PTWE89;2024;16;4;PRM3200;0.0;903.1
PTWE89;2024;16;4;SRM5000;0.0;3373.0
PTWE89;2024;17;4;PRM3200;0.0;905.3199999999999
PTWE89;2024;17;4;SRM5000;0.0;4740.0
PTWE89;2024;18;5;PRM3200;0.0;723.26
PTWE89;2024;18;5;SRM5000;0.0;5160.0
PTWE89;2024;19;5;PRM3200;0.0;437.48
PTWE89;2024;19;5;SRM5000;0.0;1200.0
PTWE89;2024;20;5;SRM5000;0.0;5130.0
PTWE89;2024;21;5;PRM3200;0.0;2232.1
PTWE89;2024;21;5;SRM5000;0.0;5145.0
PTWE89;2024;22;6;PRM3200;0.0;453.78000000000003
PTWE89;2024;22;6;SRM5000;0.0;3840.0
PTWE89;2024;23;6;PRM3200;0.0;1061.66
PTWE89;2024;23;6;SRM5000;0.0;3847.0
PTWE89;2024;24;6;PRM3200;0.0;759.92
PTWE89;2024;24;6;SRM5000;0.0;3483.0
PTWE89;2024;25;6;PRM3200;0.0;735.6
PTWE89;2024;25;6;SRM5000;0.0;5018.0
PTWE89;2024;26;6;PRM3200;0.0;768.0
PTWE89;2024;26;6;SRM5000;0.0;4175.0
PTWE89;2024;27;7;PRM3200;0.0;511.2
PTWE89;2024;27;7;SRM5000;0.0;3300.0
PTWE89;2024;28;7;PRM3200;0.0;475.15999999999997
PTWE89;2024;28;7;SRM5000;0.0;2700.0
PTWE89;2024;29;7;PRM3200;0.0;520.3
PTWE89;2024;29;7;SRM5000;0.0;3250.0
PTWE89;2024;30;7;PRM3200;0.0;481.03999999999996
PTWE89;2024;30;7;SRM5000;0.0;3100.0
PTWE89;2024;31;8;PRM3200;0.0;294.7
PTWE89;2024;31;8;SRM5000;0.0;2016.0
PTWE89;2024;35;9;PRM3200;0.0;849.66
PTWE89;2024;35;9;SRM5000;0.0;2628.0
PTWE89;2024;36;9;PRM3200;0.0;943.16
PTWE89;2024;36;9;SRM5000;0.0;1740.0
PTWE89;2024;37;9;PRM3200;0.0;881.78
PTWE89;2024;37;9;SRM5000;0.0;5230.0
PTWE89;2024;38;9;PRM3200;0.0;626.6
PTWE89;2024;38;9;SRM5000;0.0;2470.0
PTWE89;2024;39;9;PRM3200;0.0;719.14
PTWE89;2024;39;9;SRM5000;0.0;2062.0
PTWE89;2024;40;10;PRM3200;0.0;473.12
PTWE89;2024;40;10;SRM5000;0.0;2781.0
PTWE89;2024;41;10;PRM3200;0.0;476.74
PTWE89;2024;41;10;SRM5000;0.0;4785.0
PTWE89;2024;42;10;PRM3200;0.0;578.3
PTWE89;2024;42;10;SRM5000;0.0;3412.0
PTWE89;2024;43;10;PRM3200;0.0;842.58
PTWE89;2024;43;10;SRM5000;0.0;6504.0
